objectid,event_id,event_date_ms,event_dt,event_title,location_description,landslide_category,landslide_trigger,landslide_size,landslide_setting,fatality_count,injury_count,latitude,longitude,location_accuracy,country_code,admin_division_name,event_import_source
13547,57,1176249600000.0,2007-04-11 00:00:00,"Sikkim, 13 km north of Gangtok","Sikkim, 13 km north of Gangtok",landslide,downpour,medium,unknown,,,27.4459,88.6193,5km,IN,Sikkim,GLC
5473,78,1179878400000.0,2007-05-23 00:00:00,"Pangthang, on road b/t Gangtok and North Sikkim","Pangthang, on road b/t Gangtok and North Sikkim",landslide,rain,medium,unknown,,,27.3383,88.6069,50km,IN,Sikkim,GLC
5466,126,1184544000000.0,2007-07-16 00:00:00,Bardang near Singtam,Bardang near Singtam,mudslide,rain,medium,unknown,,,27.1499,88.38,25km,IN,Sikkim,GLC
7345,130,1184803200000.0,2007-07-19 00:00:00,Guwahati,Guwahati,landslide,rain,medium,unknown,6.0,,26.1699,91.7986,25km,IN,Assam,GLC
14714,141,1185408000000.0,2007-07-26 00:00:00,Singtam,Singtam,landslide,rain,medium,unknown,,,25.38,91.88,50km,IN,Meghalaya,GLC
8975,142,1185494400000.0,2007-07-27 00:00:00,Tura,Tura,rock_fall,rain,large,unknown,8.0,,25.5212,90.232,10km,IN,Meghalaya,GLC
2280,148,1185753600000.0,2007-07-30 00:00:00,Saiha,Saiha,landslide,downpour,medium,unknown,,,22.479,92.967,25km,IN,Mizoram,GLC
5516,147,1185753600000.0,2007-07-30 00:00:00,Lawngtlai,Lawngtlai,landslide,downpour,medium,unknown,,,22.533,92.899,25km,IN,Mizoram,GLC
4542,212,1188086400000.0,2007-08-26 00:00:00,National Highway No 44 at Sonarpur in Meghalaya,National Highway No 44 at Sonarpur in Meghalaya,complex,rain,medium,unknown,,,25.5576,91.8506,unknown,IN,Meghalaya,GLC
14706,213,1188086400000.0,2007-08-26 00:00:00,Shillong Road at Kuliang in the Jaintia Hills,Shillong Road at Kuliang in the Jaintia Hills,landslide,rain,medium,unknown,,,25.2946,92.8339,unknown,IN,Assam,GLC
7479,211,1188086400000.0,2007-08-26 00:00:00,Tamenglong,Tamenglong,mudslide,continuous_rain,medium,unknown,1.0,,24.9667,93.55,5km,IN,Manipur,GLC
13525,215,1188259200000.0,2007-08-28 00:00:00,Phesema area at National Highway 39,Phesema area at National Highway 39,landslide,rain,medium,unknown,1.0,,25.7428,93.9136,50km,IN,Nagaland,GLC
13077,220,1188518400000.0,2007-08-31 00:00:00,"Velnal village, Tamei sub-division and Toribari village (3 kilometer toward Tamei from Kangpokpi)","Velnal village, Tamei sub-division and Toribari village (3 kilometer toward Tamei from Kangpokpi)",landslide,rain,medium,unknown,,,25.1333,93.9667,25km,IN,Manipur,GLC
8907,241,1189123200000.0,2007-09-07 00:00:00,"National Highway 31A between Rangpo and Tarkhola, in East Sikkim","National Highway 31A between Rangpo and Tarkhola, in East Sikkim",landslide,rain,large,unknown,,,27.201,88.4883,25km,IN,Sikkim,GLC
1230,247,1189209600000.0,2007-09-08 00:00:00,"Lower Shajouba village near Tadubi along NH 39, Manipur ","Lower Shajouba village near Tadubi along NH 39, Manipur ",landslide,rain,medium,unknown,,,25.0604,93.9877,50km,IN,Manipur,GLC
8879,251,1189296000000.0,2007-09-09 00:00:00,Hingdam village in South Sikkim,Hingdam village in South Sikkim,landslide,rain,medium,unknown,1.0,,27.1667,88.35,50km,IN,Sikkim,GLC
8808,252,1189296000000.0,2007-09-09 00:00:00,"Mao in Manipur, Phipema and Chunikhudima in Nagaland","Mao in Manipur, Phipema and Chunikhudima in Nagaland",landslide,rain,medium,unknown,,,25.4993,94.1192,25km,IN,Manipur,GLC
1642,255,1189382400000.0,2007-09-10 00:00:00,Wamkhu village along the Tengnoupal-Joupi road in Chandel district,Wamkhu village along the Tengnoupal-Joupi road in Chandel district,landslide,rain,medium,unknown,,,24.2451,94.0691,25km,IN,Manipur,GLC
1553,256,1189382400000.0,2007-09-10 00:00:00,Rhodong village near Rhey in East Sikkim,Rhodong village near Rhey in East Sikkim,landslide,rain,medium,unknown,,,27.3425,88.6236,10km,IN,Sikkim,GLC
2980,260,1189468800000.0,2007-09-11 00:00:00,"National Highway 31A, between Singtam and Rangpo","National Highway 31A, between Singtam and Rangpo",debris_flow,rain,medium,unknown,,,27.2084,88.4909,5km,IN,Sikkim,GLC
14021,258,1189468800000.0,2007-09-11 00:00:00,"NH-39 at Imphal-Moreh section, Lokchao largest event","NH-39 at Imphal-Moreh section, Lokchao largest event",landslide,rain,medium,unknown,3.0,,24.4279,94.0564,50km,IN,Manipur,GLC
1624,259,1189468800000.0,2007-09-11 00:00:00,"Assam-Agartala National Highway, Sonarpur in Jayantiya hills of Meghalaya","Assam-Agartala National Highway, Sonarpur in Jayantiya hills of Meghalaya",landslide,rain,medium,unknown,,,25.52,91.27,unknown,IN,Meghalaya,GLC
12368,264,1189641600000.0,2007-09-13 00:00:00,Guwahati,Guwahati,landslide,rain,medium,unknown,,,26.1833,91.8,10km,IN,Assam,GLC
1290,269,1190073600000.0,2007-09-18 00:00:00,Geyzing-Jorethang road and Naya Bazar-Legship road,Geyzing-Jorethang road and Naya Bazar-Legship road,landslide,rain,medium,unknown,,,27.2872,88.2816,50km,IN,Sikkim,GLC
14395,285,1191024000000.0,2007-09-29 00:00:00,"National Highway, 45 Aizwal (Mizoram)","National Highway, 45 Aizwal (Mizoram)",landslide,rain,medium,unknown,,,24.1293,92.6921,50km,IN,Mizoram,GLC
848,313,1192492800000.0,2007-10-16 00:00:00,"NH-39 at Piphema,  6 km towards Dimapur from Kohima in Nagaland","NH-39 at Piphema,  6 km towards Dimapur from Kohima in Nagaland",landslide,rain,large,unknown,,,25.7055,94.0132,5km,IN,Nagaland,GLC
7478,319,1192752000000.0,2007-10-19 00:00:00,"Maram-Purul Road, Karong Assembly Constituency of Senapati district, Manipur","Maram-Purul Road, Karong Assembly Constituency of Senapati district, Manipur",landslide,rain,medium,unknown,,,25.4379,94.1162,50km,IN,Manipur,GLC
1060,322,1192924800000.0,2007-10-21 00:00:00,National Highway 53 at Nungba in Tamenglong district of Manipur,National Highway 53 at Nungba in Tamenglong district of Manipur,landslide,rain,medium,unknown,,,24.75,93.4333,25km,IN,Manipur,GLC
13295,545,1211241600000.0,2008-05-20 00:00:00,"A Cachar District village, near village of Srinager, Assam","A Cachar District village, near village of Srinager, Assam",mudslide,mining,medium,unknown,5.0,,24.9849,92.8411,50km,IN,Assam,GLC
2817,580,1212969600000.0,2008-06-09 00:00:00,"near Kuloor church, in Manipur along National Highway","near Kuloor church, in Manipur along National Highway",landslide,monsoon,medium,unknown,,,24.6596,93.9784,unknown,IN,Manipur,GLC
3045,585,1213401600000.0,2008-06-14 00:00:00,"Itanagar-Naharlagun, Arunachal Pradesh","Itanagar-Naharlagun, Arunachal Pradesh",landslide,rain,large,unknown,21.0,,27.0998,93.6287,25km,IN,Arunachal Pradesh,GLC
695,587,1213488000000.0,2008-06-15 00:00:00,"Lakhimpur district, Bihpuria, Assam","Lakhimpur district, Bihpuria, Assam",landslide,downpour,medium,unknown,17.0,,27.2298,94.0989,25km,IN,Assam,GLC
9893,594,1213833600000.0,2008-06-19 00:00:00,"Namkaoluang village, Tamenglong-Sangrung (Khongsang) road, NH-53, Manipur","Namkaoluang village, Tamenglong-Sangrung (Khongsang) road, NH-53, Manipur",mudslide,monsoon,medium,unknown,,,24.9336,93.8275,25km,IN,Manipur,GLC
6949,692,1218067200000.0,2008-08-07 00:00:00,"National Highway-39, Dimapur-Imphal road and another under Kiphire district of Nagaland","National Highway-39, Dimapur-Imphal road and another under Kiphire district of Nagaland",landslide,downpour,medium,unknown,,,25.705,94.04,10km,IN,Nagaland,GLC
626,714,1218672000000.0,2008-08-14 00:00:00,"Kimin-Ziro road in Papum Pare district, road between Doimukh and Sagalee, Doimukh-Hoj road; Arunachal Pradesh","Kimin-Ziro road in Papum Pare district, road between Doimukh and Sagalee, Doimukh-Hoj road; Arunachal Pradesh",landslide,rain,medium,unknown,,,27.163,94.0,50km,IN,Assam,GLC
13549,731,1219104000000.0,2008-08-19 00:00:00,"Akuk village, Wokha District, Nagaland","Akuk village, Wokha District, Nagaland",mudslide,downpour,medium,unknown,4.0,,26.138,94.25,50km,IN,Nagaland,GLC
3194,755,1219881600000.0,2008-08-28 00:00:00,"Ranka, Sikkim and Louing road","Ranka, Sikkim and Louing road",landslide,downpour,medium,unknown,,,27.337,88.609,25km,IN,Sikkim,GLC
13497,760,1219968000000.0,2008-08-29 00:00:00,"Kohima, Nagaland","Kohima, Nagaland",complex,downpour,medium,unknown,,,25.67,94.1066,25km,IN,Nagaland,GLC
4572,869,1225238400000.0,2008-10-29 00:00:00,North Lakhimpur ,North Lakhimpur ,landslide,downpour,medium,unknown,,,27.2333,94.1167,50km,IN,Assam,GLC
1215,870,1225238400000.0,2008-10-29 00:00:00,"West Kameng, Arunachal Pradesh","West Kameng, Arunachal Pradesh",mudslide,downpour,medium,unknown,12.0,,27.4,92.35,50km,IN,Arunachal Pradesh,GLC
4767,868,1225238400000.0,2008-10-29 00:00:00,"Kamrup, and Sonitpur, Assam","Kamrup, and Sonitpur, Assam",landslide,downpour,medium,unknown,7.0,,26.3333,91.25,50km,IN,Assam,GLC
11807,1061,1246426800000.0,2009-07-01 05:40:00,Bridge destroyed at 4th Mile,"4th Mile, Lower Mangshila in North Sikkim",landslide,downpour,medium,unknown,0.0,,27.478,88.527,1km,IN,Sikkim,GLC
14697,1084,1250035200000.0,2009-08-12 00:00:00,"Upper Subansiri District, Arunanchal Pradesh","Upper Subansiri District, Arunanchal Pradesh",landslide,downpour,medium,unknown,0.0,,27.7,92.8,5km,IN,Arunachal Pradesh,GLC
2631,1102,1250713800000.0,2009-08-19 20:30:00,"Sombaria, West Sikkim","Sombaria, West Sikkim",landslide,downpour,medium,unknown,2.0,,27.2644,88.1365,10km,IN,Sikkim,GLC
4093,1112,1250726400000.0,2009-08-20 00:00:00,"NH31A, Mile 27 near Rambi","NH31A, Mile 27 near Rambi",mudslide,downpour,medium,unknown,0.0,,27.1761,88.5287,25km,IN,Sikkim,GLC
724,1109,1250726400000.0,2009-08-20 00:00:00,Lumding-Badarpur section in North Cachar Hills district,Lumding-Badarpur section in North Cachar Hills district,landslide,downpour,medium,unknown,0.0,,25.5215,93.1645,25km,IN,Assam,GLC
7717,1108,1250726400000.0,2009-08-20 00:00:00,"Tamei, Tamenglong district on Imphal-Tamenglong (IT) road","Tamei, Tamenglong district on Imphal-Tamenglong (IT) road",landslide,downpour,medium,unknown,0.0,,24.9925,93.5,10km,IN,Manipur,GLC
1116,1111,1250726400000.0,2009-08-20 00:00:00,"Melli Chalisey, Sikkim","Melli Chalisey, Sikkim",landslide,downpour,medium,unknown,0.0,,27.1344,88.4575,5km,IN,Sikkim,GLC
13915,1125,1251244800000.0,2009-08-26 00:00:00,"17th Mile towards Tsomgo Lake, near Kyongsala, Sikkim ","17th Mile towards Tsomgo Lake, near Kyongsala, Sikkim ",landslide,rain,medium,unknown,,,27.3746,88.7648,25km,IN,Sikkim,GLC
8651,1127,1251331200000.0,2009-08-27 00:00:00,between Mahur and Phaiding railway stations on Barail hills (Mahur and Barail hills located),between Mahur and Phaiding railway stations on Barail hills (Mahur and Barail hills located),landslide,downpour,medium,unknown,,,25.1718,93.123,10km,IN,Assam,GLC
11641,1129,1251590400000.0,2009-08-30 00:00:00,"Road stretch from Gammom to Chamu village, under Kamjong block, Ukhrul district, Manipur","Road stretch from Gammom to Chamu village, under Kamjong block, Ukhrul district, Manipur",landslide,downpour,medium,unknown,,,24.8628,94.4182,50km,IN,Manipur,GLC
8523,1168,1253145600000.0,2009-09-17 00:00:00,"4th Mile on road between Rongli, Rhenock and Rangpo in East Sikkim.","4th Mile on road between Rongli, Rhenock and Rangpo in East Sikkim.",landslide,rain,medium,unknown,,,27.1954,88.6115,5km,IN,Sikkim,GLC
12241,1222,1254700800000.0,2009-10-05 00:00:00,"Chhinga Veng, Aizawl","Chhinga Veng, Aizawl",landslide,downpour,medium,urban,3.0,,23.73478778,92.72124394,5km,IN,Mizoram,GLC
819,1596,1269720000000.0,2010-03-27 20:00:00,"LangthAbal Khoupum, Imphal, Manipur","LangthAbal Khoupum, Imphal, Manipur",mudslide,downpour,medium,unknown,0.0,,24.7339,93.9161,5km,IN,Manipur,GLC
5684,1611,1270080000000.0,2010-04-01 00:00:00,"Paglanala village, Dholai Block, near Dwarbandh locality of the district, Cachar district (could only find district) 45 km from Silchar, Assam","Paglanala village, Dholai Block, near Dwarbandh locality of the district, Cachar district (could only find district) 45 km from Silchar, Assam",landslide,downpour,medium,unknown,3.0,,25.1553,93.028,25km,IN,Assam,GLC
1878,1613,1270249200000.0,2010-04-02 23:00:00,"Koloriang, Kuring Kumey district, Arunachal Pradesh","Koloriang, Kuring Kumey district, Arunachal Pradesh",mudslide,downpour,large,unknown,12.0,,27.8997,93.3497,1km,IN,Arunachal Pradesh,GLC
9963,1756,1271462400000.0,2010-04-17 00:00:00,"Nam Nang, Gangtok","Nam Nang, Gangtok",landslide,downpour,small,unknown,0.0,,27.322,88.6087,1km,IN,Sikkim,GLC
7140,1755,1271516400000.0,2010-04-17 15:00:00,"Natl. Highway 31-A at Pani House(?), Gangtok","Natl. Highway 31-A at Pani House(?), Gangtok",landslide,downpour,small,unknown,0.0,,27.3341,88.6083,5km,IN,Sikkim,GLC
7,1770,1271721600000.0,2010-04-20 00:00:00,"Kharghuli, Guwahati, Assam","Kharghuli, Guwahati, Assam",landslide,downpour,medium,unknown,0.0,,26.1965,91.763,1km,IN,Assam,GLC
5503,1771,1271721600000.0,2010-04-20 00:00:00,"Raj Bhavan Guwahati, Assam","Raj Bhavan Guwahati, Assam",landslide,downpour,medium,unknown,0.0,,26.1978,91.7665,exact,IN,Assam,GLC
7550,1775,1271808000000.0,2010-04-21 00:00:00,Arunachal Pradesh ,Arunachal Pradesh ,landslide,downpour,medium,unknown,12.0,,27.8965,96.1779,unknown,IN,Arunachal Pradesh,GLC
14208,1776,1271808000000.0,2010-04-21 00:00:00,Shillong-Jowai(Jwai)-Badarpur National Highway(NH 44) at Sunapur village in Jaintia Hills District,Shillong-Jowai(Jwai)-Badarpur National Highway(NH 44) at Sunapur village in Jaintia Hills District,landslide,downpour,medium,unknown,0.0,,25.3612,92.2845,25km,IN,Meghalaya,GLC
7723,1857,1273568400000.0,2010-05-11 09:00:00,"National highway 44 at Sunapur and Tongseng in Jaintia Hills district, eastern Meghalaya","National highway 44 at Sunapur and Tongseng in Jaintia Hills district, eastern Meghalaya",landslide,downpour,medium,unknown,0.0,,25.3433,92.2897,25km,IN,Meghalaya,GLC
1475,1930,1275264000000.0,2010-05-31 00:00:00,"Anini-Roing road,  Dibang Valley,  Arunachal Pradesh ","Anini-Roing road,  Dibang Valley,  Arunachal Pradesh ",landslide,downpour,medium,unknown,0.0,,28.4298,95.8776,50km,IN,Arunachal Pradesh,GLC
9016,1929,1275346800000.0,2010-05-31 23:00:00,"North Sikkiim Highway, periphery of Gangtok, Sikkim East district","North Sikkiim Highway, periphery of Gangtok, Sikkim East district",landslide,downpour,medium,unknown,0.0,,27.3543,88.6428,5km,IN,Sikkim,GLC
4718,1935,1275523200000.0,2010-06-03 00:00:00,"atharamura hills, Highway 44, Tripura","atharamura hills, Highway 44, Tripura",landslide,downpour,medium,unknown,0.0,,23.8986,91.7599,5km,IN,Tripura,GLC
785,1934,1275541200000.0,2010-06-03 05:00:00,Rongpur village under Bhairabhnagar panchayat in Karimganj district,Rongpur village under Bhairabhnagar panchayat in Karimganj district,landslide,downpour,medium,unknown,2.0,,24.6005,92.3814,25km,IN,Assam,GLC
4374,1954,1275868800000.0,2010-06-07 00:00:00,"Irang(?) and Barak(?) and Makru(?) on highway 53 between Imphal and Jiribam, Manipur","Irang(?) and Barak(?) and Makru(?) on highway 53 between Imphal and Jiribam, Manipur",landslide,rain,medium,unknown,0.0,,24.7543,93.5039,50km,IN,Manipur,GLC
11647,1961,1276092900000.0,2010-06-09 14:15:00,"Ishok Chingphu(?), Bishnupur, Assam","Ishok Chingphu(?), Bishnupur, Assam",landslide,downpour,medium,unknown,0.0,,25.8833,91.2,50km,IN,Assam,GLC
837,1987,1276560000000.0,2010-06-15 00:00:00,"rails between Mahur and Wadringdisa(?), Assam","rails between Mahur and Wadringdisa(?), Assam",landslide,downpour,medium,unknown,0.0,,25.2269,93.1658,25km,IN,Assam,GLC
5711,1986,1276560000000.0,2010-06-15 00:00:00,"Fazl Ali College, Mokokchung, Nagaland","Fazl Ali College, Mokokchung, Nagaland",landslide,downpour,medium,unknown,0.0,,26.3335,94.5512,1km,IN,Nagaland,GLC
8732,1994,1276646400000.0,2010-06-16 00:00:00,"rails between Jatinga and Longrangjao(?), Assam","rails between Jatinga and Longrangjao(?), Assam",landslide,downpour,medium,unknown,0.0,,25.0633,92.8025,25km,IN,Assam,GLC
1762,1996,1276803000000.0,2010-06-17 19:30:00,"Shayoung Ward(?), Longleng, Nagaland","Shayoung Ward(?), Longleng, Nagaland",landslide,downpour,medium,unknown,0.0,,26.4333,94.8833,25km,IN,Nagaland,GLC
10517,2026,1277683200000.0,2010-06-28 00:00:00,"Borsorsa(?), West Khasi Hills, Meghalaya","Borsorsa(?), West Khasi Hills, Meghalaya",landslide,downpour,medium,unknown,0.0,,25.4916,91.2698,50km,IN,Meghalaya,GLC
12061,2025,1277683200000.0,2010-06-28 00:00:00,"Police CID complex(?), Shillong, Meghalaya","Police CID complex(?), Shillong, Meghalaya",landslide,downpour,medium,unknown,1.0,,25.5728,91.885,5km,IN,Meghalaya,GLC
4708,2042,1278374400000.0,2010-07-06 00:00:00,"Zunheboto, Nagaland","Zunheboto, Nagaland",mudslide,monsoon,medium,unknown,0.0,,26.0093,94.5238,5km,IN,Nagaland,GLC
1717,2043,1278374400000.0,2010-07-06 00:00:00,"Mon, Nagaland","Mon, Nagaland",mudslide,monsoon,medium,unknown,0.0,,26.7225,95.0281,5km,IN,Nagaland,GLC
5481,2045,1278374400000.0,2010-07-06 00:00:00,"Tuensang, Nagaland","Tuensang, Nagaland",mudslide,monsoon,medium,unknown,0.0,,26.2363,94.8133,5km,IN,Nagaland,GLC
7197,2044,1278374400000.0,2010-07-06 00:00:00,"Kiphire,  Nagaland","Kiphire,  Nagaland",mudslide,monsoon,medium,unknown,0.0,,25.8877,94.7861,5km,IN,Nagaland,GLC
12727,2098,1279519200000.0,2010-07-19 06:00:00,"Jahjon ward(?), Mon town, Nagaland","Jahjon ward(?), Mon town, Nagaland",landslide,downpour,medium,unknown,0.0,,26.7215,95.0283,5km,IN,Nagaland,GLC
4040,2106,1279584000000.0,2010-07-20 00:00:00,"road to Oting near Longlam village, 13 km from Tizit subdivision, Mon district, Nagaland","road to Oting near Longlam village, 13 km from Tizit subdivision, Mon district, Nagaland",landslide,downpour,medium,unknown,0.0,,26.8716,94.9921,25km,IN,Nagaland,GLC
12242,2112,1279699200000.0,2010-07-21 08:00:00,"Zang(?), east Sikkim","Zang(?), east Sikkim",landslide,downpour,medium,unknown,0.0,,27.5509,88.6475,unknown,IN,Sikkim,GLC
10330,2113,1279699200000.0,2010-07-21 08:00:00,"Singtam-Mangan rd, Sikkim","Singtam-Mangan rd, Sikkim",landslide,downpour,medium,unknown,0.0,,27.3773,88.559,25km,IN,Sikkim,GLC
4482,2140,1280016000000.0,2010-07-25 00:00:00,"road between Halfong and Redzol(?) or Silchar, Assam","road between Halfong and Redzol(?) or Silchar, Assam",landslide,downpour,medium,unknown,0.0,,25.0477,92.801,25km,IN,Assam,GLC
11453,2166,1280361600000.0,2010-07-29 00:00:00,"Highway 53 at Tupul, Tamenglong district","Highway 53 at Tupul, Tamenglong district",landslide,downpour,medium,unknown,0.0,,24.9786,93.5027,10km,IN,Manipur,GLC
3878,2163,1280361600000.0,2010-07-29 00:00:00,"Maram area in Senapati district, National Highway 39","Maram area in Senapati district, National Highway 39",landslide,downpour,medium,unknown,0.0,,25.4196,94.1054,5km,IN,Manipur,GLC
814,2164,1280444400000.0,2010-07-29 23:00:00,"Chingai-Kuingai(Quingai) route (16 kms), Chingai subdivision, Ukhrul district, Manipur","Chingai-Kuingai(Quingai) route (16 kms), Chingai subdivision, Ukhrul district, Manipur",landslide,downpour,medium,unknown,0.0,,25.3098633,94.48214677,25km,IN,Manipur,GLC
2478,2182,1280566800000.0,2010-07-31 09:00:00,Dimapur-Imphal highway (NH 39) near Manipur,Dimapur-Imphal highway (NH 39) near Manipur,landslide,rain,medium,unknown,0.0,,24.9356,93.8443,25km,IN,Manipur,GLC
7430,2205,1281052800000.0,2010-08-06 00:00:00,"Dawrpui Vengthar cemetary, Aizwal, Mizoram","Dawrpui Vengthar cemetary, Aizwal, Mizoram",landslide,downpour,medium,unknown,0.0,,23.7365,92.7146,1km,IN,Mizoram,GLC
11663,2243,1281657600000.0,2010-08-13 00:00:00,"NH-39 near Kohima Municipality Council(KMC) dumping ground, between Zubza(Sechu) and Kohima, Nagaland","NH-39 near Kohima Municipality Council(KMC) dumping ground, between Zubza(Sechu) and Kohima, Nagaland",landslide,downpour,medium,mine,0.0,,25.70223725,94.04619681,5km,IN,Nagaland,GLC
7252,2249,1281744000000.0,2010-08-14 00:00:00,"Kiphire-Tuensang rd, Nagaland","Kiphire-Tuensang rd, Nagaland",landslide,downpour,medium,unknown,0.0,,26.0814,94.803,25km,IN,Nagaland,GLC
12843,2247,1281744000000.0,2010-08-14 00:00:00,"Tuensang-Shamatore(Sampurre) rd, Nagaland","Tuensang-Shamatore(Sampurre) rd, Nagaland",landslide,downpour,medium,unknown,0.0,,26.148,94.8422,10km,IN,Nagaland,GLC
7976,2248,1281744000000.0,2010-08-14 00:00:00,"Noklak-Tuensang road, Nagaland","Noklak-Tuensang road, Nagaland",landslide,downpour,medium,unknown,0.0,,26.222,94.9152,25km,IN,Nagaland,GLC
6855,2253,1281913200000.0,2010-08-15 23:00:00,"Chingai-Kuingai(Quingai) route (16 kms), Chingai subdivision, Ukhrul district, Manipur","Chingai-Kuingai(Quingai) route (16 kms), Chingai subdivision, Ukhrul district, Manipur",landslide,downpour,medium,unknown,0.0,,25.31006064,94.48265093,25km,IN,Manipur,GLC
4113,2263,1282003200000.0,2010-08-17 00:00:00,"Dikhu bridge(?), Mokokchung-Tuensang road, Nagaland","Dikhu bridge(?), Mokokchung-Tuensang road, Nagaland",landslide,downpour,medium,unknown,0.0,,26.2753,94.6654,25km,IN,Nagaland,GLC
11559,2283,1282176000000.0,2010-08-19 00:00:00,"2 km from Khongsang village(?), road between Tamenglong and Imphal or Nungba, Manipur","2 km from Khongsang village(?), road between Tamenglong and Imphal or Nungba, Manipur",mudslide,downpour,medium,unknown,0.0,,24.8961,93.4957,5km,IN,Manipur,GLC
9120,2282,1282199400000.0,2010-08-19 06:30:00,"Tuensang-Kohima rd, 3 km outside Tuensang, Nagaland","Tuensang-Kohima rd, 3 km outside Tuensang, Nagaland",landslide,downpour,medium,unknown,0.0,,26.1984,94.8158,1km,IN,Nagaland,GLC
5774,2281,1282240800000.0,2010-08-19 18:00:00,"Kisima, Nagaland","Kisima, Nagaland",landslide,downpour,medium,above_road,,,25.61560252,94.11603493,5km,IN,Nagaland,GLC
2903,2296,1282262400000.0,2010-08-20 00:00:00,"many locations around Namchi, Sikkim","many locations around Namchi, Sikkim",complex,downpour,medium,unknown,0.0,,27.167,88.3652,10km,IN,Sikkim,GLC
946,2304,1282413600000.0,2010-08-21 18:00:00,"NH 39 at Kigwema(?), between Mao Gate and Kohima, Nagaland","NH 39 at Kigwema(?), between Mao Gate and Kohima, Nagaland",landslide,downpour,medium,unknown,0.0,,25.5718,94.1211,10km,IN,Manipur,GLC
2340,2324,1282678344000.0,2010-08-24 19:32:24,Landslide on NH-53,NH-53 at K Sinam village,landslide,downpour,medium,above_road,,,24.8029,93.6228,5km,IN,Manipur,GLC
9285,2341,1282863600000.0,2010-08-26 23:00:00,"NH-31A at Topakhani tunnel(?) and fruit preservation factory(?) and Chisopani bridge(?), near Singtam and Gangtok and Rangpo, Sikkim","NH-31A at Topakhani tunnel(?) and fruit preservation factory(?) and Chisopani bridge(?), near Singtam and Gangtok and Rangpo, Sikkim",landslide,downpour,medium,unknown,0.0,,27.2319,88.497,10km,IN,Sikkim,GLC
11984,2343,1282926600000.0,2010-08-27 16:30:00,"NH-39 at Ekai village(?), 2 km for Tadubi, Manipur","NH-39 at Ekai village(?), 2 km for Tadubi, Manipur",landslide,downpour,medium,unknown,0.0,,25.4786,94.1327,5km,IN,Manipur,GLC
1670,2344,1282926600000.0,2010-08-27 16:30:00,"NH-53 at Nungba police station, Kambirong(?), Manipur","NH-53 at Nungba police station, Kambirong(?), Manipur",landslide,downpour,medium,unknown,0.0,,24.7505,93.4221,5km,IN,Manipur,GLC
5219,2345,1282932000000.0,2010-08-27 18:00:00,"Daragaon(?), Gangtok city, Sikkim","Daragaon(?), Gangtok city, Sikkim",landslide,downpour,medium,unknown,0.0,,27.3392,88.6188,5km,IN,Sikkim,GLC
401,2392,1283558400000.0,2010-09-04 00:00:00,"17th mile(?), Jawaharlal Nehru Marg hwy, between Gangtok and Nathu La, Sikkim","17th mile(?), Jawaharlal Nehru Marg hwy, between Gangtok and Nathu La, Sikkim",landslide,downpour,medium,unknown,0.0,,27.3702,88.7334,10km,IN,Sikkim,GLC
416,2405,1284073200000.0,2010-09-09 23:00:00,"Mossing(Mosing) village(?), Upper Siang district, Arunachal Pradesh","Mossing(Mosing) village(?), Upper Siang district, Arunachal Pradesh",landslide,downpour,medium,unknown,10.0,,28.3036,95.4112,unknown,IN,Arunachal Pradesh,GLC
6719,2411,1284076800000.0,2010-09-10 00:00:00,"districts Lakhimpur, Dhemaji, Golaghat, and Sonitpur, Assam province","districts Lakhimpur, Dhemaji, Golaghat, and Sonitpur, Assam province",landslide,downpour,medium,unknown,0.0,,27.0011,93.7273,unknown,IN,Arunachal Pradesh,GLC
2594,2415,1284249600000.0,2010-09-12 00:00:00,power lines 5 km from Kohima,power lines 5 km from Kohima,landslide,downpour,medium,unknown,,,25.63961883,94.11112157,25km,IN,Nagaland,GLC
4600,2425,1284336000000.0,2010-09-13 00:00:00,"near Tuichang(?) on Tuichang river, Aizawl-Champhai rd, Mizoram","near Tuichang(?) on Tuichang river, Aizawl-Champhai rd, Mizoram",landslide,downpour,medium,unknown,0.0,,23.3439,93.0748,25km,IN,Mizoram,GLC
8834,2423,1284336000000.0,2010-09-13 00:00:00,"road to Kanan Veng from Hunthar Veng, Mizoram","road to Kanan Veng from Hunthar Veng, Mizoram",landslide,downpour,medium,above_road,,,23.73504471,92.71060943,1km,IN,Mizoram,GLC
12869,2426,1284336000000.0,2010-09-13 00:00:00,"Hual(Hu) village(?), Lunglei-Lawngtlai rd, Mizoram","Hual(Hu) village(?), Lunglei-Lawngtlai rd, Mizoram",landslide,downpour,medium,unknown,0.0,,22.7176,92.8416,25km,IN,Mizoram,GLC
180,2422,1284336000000.0,2010-09-13 00:00:00,"Hunthar Veng, Mizoram","Hunthar Veng, Mizoram",landslide,downpour,medium,urban,,,23.74182634,92.7141905,1km,IN,Mizoram,GLC
2859,2424,1284336000000.0,2010-09-13 00:00:00,"near Tuivawl(?), Aizawl-Champhai rd, Aizawl district, Mizoram","near Tuivawl(?), Aizawl-Champhai rd, Aizawl district, Mizoram",landslide,downpour,medium,unknown,0.0,,23.591,92.9296,25km,IN,Mizoram,GLC
6032,2420,1284336000000.0,2010-09-13 00:00:00,"Tuikual 'C', Aizawl, Mizoram","Tuikual 'C', Aizawl, Mizoram",landslide,downpour,medium,urban,1.0,,23.72988966,92.71495623,1km,IN,Mizoram,GLC
843,2421,1284368400000.0,2010-09-13 09:00:00,"road to Muanna Godown, Zuangtui, Mizoram","road to Muanna Godown, Zuangtui, Mizoram",landslide,downpour,medium,above_road,,,23.75406693,92.74128531,1km,IN,Mizoram,GLC
14184,2437,1284595200000.0,2010-09-16 00:00:00,"Aizawl-Lengpui rd 3km from Aizawl, Mizoram, Manipur","Aizawl-Lengpui rd 3km from Aizawl, Mizoram, Manipur",landslide,downpour,medium,unknown,0.0,,23.7527,92.694,5km,IN,Mizoram,GLC
2901,2436,1284606000000.0,2010-09-16 03:00:00,"Taithu village, Churanchandpur district, Mizoram, Manipur","Taithu village, Churanchandpur district, Mizoram, Manipur",landslide,downpour,medium,unknown,0.0,,24.3069,93.125,5km,IN,Manipur,GLC
13390,2539,1286064000000.0,2010-10-03 00:00:00,"Mosing village, Upper Siang district, Arunachal Pradesh","Mosing village, Upper Siang district, Arunachal Pradesh",landslide,downpour,medium,unknown,10.0,,28.3092,95.4149,25km,IN,Arunachal Pradesh,GLC
6777,2569,1286496000000.0,2010-10-08 00:00:00,"Bungte Chiru village(?), Senapati district, Manipur","Bungte Chiru village(?), Senapati district, Manipur",landslide,downpour,medium,unknown,0.0,,25.2745,94.0212,5km,IN,Manipur,GLC
13867,2568,1286496000000.0,2010-10-08 00:00:00,"Nungba, Tamenglong, Manipur","Nungba, Tamenglong, Manipur",landslide,downpour,medium,unknown,0.0,,24.7679,93.4108,25km,IN,Manipur,GLC
10131,2566,1286496000000.0,2010-10-08 00:00:00,"Sahong, Tabu and Pani village under Tadubi police station of Senapati district, NH-39","Sahong, Tabu and Pani village under Tadubi police station of Senapati district, NH-39",mudslide,downpour,medium,unknown,0.0,,25.4769,94.1351,5km,IN,Manipur,GLC
11707,2567,1286496000000.0,2010-10-08 00:00:00,"Phek, Manipur","Phek, Manipur",complex,downpour,medium,unknown,0.0,,25.6633,94.4703,5km,IN,Nagaland,GLC
6998,2570,1286496000000.0,2010-10-08 00:00:00,"Tharon(?) and Langol Tarung villages, Thangmeiband constituency, Imphal, Manipur","Tharon(?) and Langol Tarung villages, Thangmeiband constituency, Imphal, Manipur",landslide,downpour,medium,unknown,0.0,,24.837,93.9128,5km,IN,Manipur,GLC
6516,2575,1286582400000.0,2010-10-09 00:00:00,"road between Haflong and Lanka, Assam","road between Haflong and Lanka, Assam",landslide,downpour,medium,unknown,0.0,,25.5242,92.9914,50km,IN,Assam,GLC
5259,2574,1286582400000.0,2010-10-09 00:00:00,"between Mahur and Maigrandisa(?) or Lumding, Assam","between Mahur and Maigrandisa(?) or Lumding, Assam",landslide,downpour,medium,unknown,0.0,,25.4749,93.1477,50km,IN,Assam,GLC
650,2577,1286582400000.0,2010-10-09 00:00:00,"NH-39 near Khongnem(?) village, between Imphal and Dimapur, Manipur","NH-39 near Khongnem(?) village, between Imphal and Dimapur, Manipur",landslide,downpour,medium,unknown,0.0,,25.5265,93.8673,50km,IN,Manipur,GLC
5143,2578,1286582400000.0,2010-10-09 00:00:00,"NH-39 in Karong area, Manipur","NH-39 in Karong area, Manipur",landslide,downpour,medium,unknown,0.0,,25.3179,94.0462,5km,IN,Manipur,GLC
12844,2579,1286582400000.0,2010-10-09 00:00:00,"Lower Pezielietsie(Tinpati), Kohima, Manipur","Lower Pezielietsie(Tinpati), Kohima, Manipur",landslide,downpour,medium,unknown,0.0,,25.682,94.1076,1km,IN,Nagaland,GLC
10850,2573,1286582400000.0,2010-10-09 00:00:00,"Haflong, Assam","Haflong, Assam",mudslide,downpour,medium,unknown,1.0,,25.1796,93.0083,5km,IN,Assam,GLC
7466,2576,1286582400000.0,2010-10-09 00:00:00,"NH-39 at Tobio village(?), 7 km form Tadubi, Manipur","NH-39 at Tobio village(?), 7 km form Tadubi, Manipur",landslide,downpour,medium,unknown,0.0,,25.4788,94.1399,10km,IN,Manipur,GLC
3040,2587,1286690400000.0,2010-10-10 06:00:00,"Lower Chandmari area, PWD department, Kohima, Manipur","Lower Chandmari area, PWD department, Kohima, Manipur",landslide,downpour,medium,unknown,0.0,,25.6623,94.1072,1km,IN,Nagaland,GLC
6978,2743,1290384000000.0,2010-11-22 00:00:00,"Tawang Monastery, Arunachal Pradesh","Tawang Monastery, Arunachal Pradesh",landslide,unknown,medium,natural_slope,,,27.5798729,91.85672387,1km,IN,Arunachal Pradesh,GLC
8074,3269,1300752000000.0,2011-03-22 00:00:00,"road from other districts to Hawai(Tawai?) which is  on Lojit river, near Hayuliang,  Anjaw district, Arunachal Pradesh","road from other districts to Hawai(Tawai?) which is  on Lojit river, near Hayuliang,  Anjaw district, Arunachal Pradesh",landslide,downpour,medium,unknown,0.0,,28.0791,96.5242,10km,IN,Arunachal Pradesh,GLC
11104,3525,1306022400000.0,2011-05-22 00:00:00,"Kaiphundai(?)-Tousem(in Assam) road, Tamenglong district, Manipur","Kaiphundai(?)-Tousem(in Assam) road, Tamenglong district, Manipur",landslide,downpour,medium,unknown,0.0,,25.0672,93.4093,25km,IN,Manipur,GLC
5338,3532,1306195200000.0,2011-05-24 00:00:00,"Silchar-Haflong rd., at Reko(Rekha )(?), near Harangajao, Barail Hills, Assam","Silchar-Haflong rd., at Reko(Rekha )(?), near Harangajao, Barail Hills, Assam",complex,downpour,medium,unknown,0.0,,25.0888,92.8551,10km,IN,Assam,GLC
1524,3556,1306850400000.0,2011-05-31 14:00:00,"Roads between Tamei(Tamma?), Kangpokpi and Chalwa, Manipur","Roads between Tamei(Tamma?), Kangpokpi and Chalwa, Manipur",landslide,continuous_rain,small,unknown,0.0,,25.1555,93.8474,25km,IN,Manipur,GLC
14149,3560,1306852200000.0,2011-05-31 14:30:00,"Gaoilung(Gadailong) village(?), Ward 4(?), Tamenglong, Manipur","Gaoilung(Gadailong) village(?), Ward 4(?), Tamenglong, Manipur",landslide,downpour,medium,unknown,2.0,,24.8286,93.5935,50km,IN,Manipur,GLC
6683,3619,1308339000000.0,2011-06-17 19:30:00,"National HWY 31A, Birik (cut off Sikkim)","National HWY 31A, Birik (cut off Sikkim)",mudslide,rain,medium,unknown,0.0,,27.4885,88.4451,unknown,IN,Sikkim,GLC
8674,3633,1308528000000.0,2011-06-20 00:00:00,Mokokchung,Mokokchung,landslide,downpour,medium,unknown,0.0,,26.3186,94.5121,5km,IN,Nagaland,GLC
5156,3637,1308614400000.0,2011-06-21 00:00:00,"Lasumi village in Phek district, Kohima","Lasumi village in Phek district, Kohima",landslide,rain,medium,deforested_slope,,,25.51614662,94.2341227,1km,IN,Nagaland,GLC
8990,3643,1308871800000.0,2011-06-23 23:30:00,Villages surrounding the West Sikkim district of ,Villages surrounding the West Sikkim district of ,landslide,downpour,large,unknown,16.0,,27.2879,88.2579,5km,IN,Sikkim,GLC
13827,3662,1309219200000.0,2011-06-28 00:00:00,"Ikou-Gangpijang road, near: Ikou, Saikul, and Gangpijang; Imphal India","Ikou-Gangpijang road, near: Ikou, Saikul, and Gangpijang; Imphal India",landslide,rain,medium,below_road,,,25.03561729,94.0144205,25km,IN,Manipur,GLC
3615,3663,1309219200000.0,2011-06-28 00:00:00,"Ruzapfu valley, Kikruma Village, Phek District, Nagaland","Ruzapfu valley, Kikruma Village, Phek District, Nagaland",landslide,downpour,medium,unknown,0.0,,25.6682,94.1099,50km,IN,Nagaland,GLC
5769,3672,1309305600000.0,2011-06-29 00:00:00,"Portions of NH 39, Connectin Manipur with Assam via Nagaland","Portions of NH 39, Connectin Manipur with Assam via Nagaland",landslide,downpour,medium,unknown,0.0,,25.5125,93.3613,unknown,IN,Assam,GLC
10141,3683,1309478400000.0,2011-07-01 00:00:00,NH-61 between Botsa and Chiechama,NH-61 between Botsa and Chiechama,landslide,downpour,medium,unknown,0.0,,25.8782,94.1739,10km,IN,Nagaland,GLC
5548,3738,1309910400000.0,2011-07-06 00:00:00,"National Highway 53, Sinam Khul (near Kotlen; ~25 km from Imphal)","National Highway 53, Sinam Khul (near Kotlen; ~25 km from Imphal)",landslide,downpour,medium,unknown,6.0,,24.8063,93.9482,50km,IN,Manipur,GLC
3840,3741,1309996800000.0,2011-07-07 00:00:00,Maram (80 km north of Imphal),Maram (80 km north of Imphal),landslide,rain,medium,unknown,0.0,,25.4191,94.1079,5km,IN,Manipur,GLC
13196,3760,1310374800000.0,2011-07-11 09:00:00,"NH-61, 1 km before reaching Botsa","NH-61, 1 km before reaching Botsa",landslide,downpour,medium,unknown,0.0,,25.6703,94.1095,25km,IN,Nagaland,GLC
811,3776,1310752800000.0,2011-07-15 18:00:00,Itanagar/Naharlagur/Nirjuli,Itanagar/Naharlagur/Nirjuli,landslide,downpour,small,unknown,0.0,,27.125,93.7145,5km,IN,Arunachal Pradesh,GLC
7215,3789,1310774400000.0,2011-07-16 00:00:00,Mebua (8 km from Seppa),Mebua (8 km from Seppa),landslide,downpour,medium,unknown,0.0,,27.2743,92.9064,10km,IN,Arunachal Pradesh,GLC
8174,3806,1311033600000.0,2011-07-19 00:00:00,"Itanagar (one near Pachali power house, one near Heema Hospital, and one nearRomik Colony at P Sector)","Itanagar (one near Pachali power house, one near Heema Hospital, and one nearRomik Colony at P Sector)",landslide,downpour,medium,unknown,3.0,,27.1032,93.6884,10km,IN,Arunachal Pradesh,GLC
1359,3813,1311120000000.0,2011-07-20 00:00:00,National Highway 31A in West Bengal's Darjeeling district,National Highway 31A in West Bengal's Darjeeling district,landslide,rain,small,unknown,0.0,,27.1141,88.4658,25km,IN,Sikkim,GLC
1244,3831,1311292800000.0,2011-07-22 00:00:00,Heibok Hills,Heibok Hills,landslide,downpour,medium,unknown,0.0,,24.7992,93.948,unknown,IN,Manipur,GLC
1573,3830,1311292800000.0,2011-07-22 00:00:00,Manipur,Manipur,landslide,downpour,small,unknown,0.0,,24.3527,94.3429,10km,IN,Manipur,GLC
9284,3837,1311510600000.0,2011-07-24 12:30:00,NH 37,NH 37,landslide,downpour,medium,unknown,0.0,,26.5836,93.0038,50km,IN,Assam,GLC
9547,3840,1311552000000.0,2011-07-25 00:00:00,Manipur,Manipur,landslide,downpour,medium,unknown,0.0,,24.6869,93.9157,50km,IN,Manipur,GLC
7474,3860,1311897600000.0,2011-07-29 00:00:00,"Maram, Manipur","Maram, Manipur",landslide,rain,medium,unknown,0.0,,25.4192,94.108,10km,IN,Manipur,GLC
1317,3881,1312502400000.0,2011-08-05 00:00:00,Itanagar,Itanagar,landslide,downpour,medium,unknown,0.0,,27.1034,93.6885,5km,IN,Arunachal Pradesh,GLC
13753,3912,1313107200000.0,2011-08-12 00:00:00,East Kameng district in Arunachal Pradesh bordering China,East Kameng district in Arunachal Pradesh bordering China,landslide,rain,medium,unknown,0.0,,27.44,92.2833,50km,IN,Arunachal Pradesh,GLC
7936,3916,1313222400000.0,2011-08-13 08:00:00,"Chumukedima, Dimapur","Chumukedima, Dimapur",mudslide,downpour,medium,unknown,0.0,,25.7713,93.8067,10km,IN,Nagaland,GLC
6100,3925,1313366400000.0,2011-08-15 00:00:00,"East Kameng, Arunachal Pradesh","East Kameng, Arunachal Pradesh",landslide,downpour,medium,unknown,0.0,,27.4888,93.0153,50km,IN,Arunachal Pradesh,GLC
3107,3927,1313481600000.0,2011-08-16 08:00:00,"Garo Hills, Tura","Garo Hills, Tura",landslide,downpour,medium,unknown,6.0,,25.5144,90.2167,unknown,IN,Meghalaya,GLC
14157,3932,1313625600000.0,2011-08-18 00:00:00, Botsa  and Chiechama, Botsa  and Chiechama,landslide,monsoon,medium,unknown,0.0,,25.83,94.13,exact,IN,Nagaland,GLC
4191,3943,1314057600000.0,2011-08-23 00:00:00,"Samathang, Sikkim","Samathang, Sikkim",landslide,downpour,medium,unknown,5.0,,27.13862165,88.22551799,10km,IN,Sikkim,GLC
14280,3944,1314230400000.0,2011-08-25 00:00:00,"Hee-Khola, Sikkim","Hee-Khola, Sikkim",landslide,downpour,medium,unknown,2.0,,27.7344,88.633,10km,IN,Sikkim,GLC
4018,3965,1315296000000.0,2011-09-06 08:00:00,NH 37 at Awang Khul ,NH 37 at Awang Khul ,landslide,rain,medium,unknown,3.0,,24.808,93.117,1km,IN,Assam,GLC
14640,3983,1316736000000.0,2011-09-23 00:00:00,"Maighuli, Guwahati, Meghalaya","Maighuli, Guwahati, Meghalaya",landslide,downpour,large,unknown,4.0,,26.1548,91.7351,unknown,IN,Assam,GLC
5414,3997,1317340800000.0,2011-09-30 00:00:00,Mangan : The slide which occurred at Thingchim around 18 kilometers from Mangan towards Gangtok has disrupted the Mangan-Gangtok traffic again. The s*,,landslide,unknown,medium,unknown,0.0,,27.5161,88.5575,10km,IN,Sikkim,GLC
3328,4241,1330819200000.0,2012-03-04 00:00:00,Tamei constituency in Tamenlong district,Tamei constituency in Tamenlong district,landslide,unknown,medium,unknown,0.0,,25.1604,93.6795,25km,IN,Manipur,GLC
3586,4313,1333843200000.0,2012-04-08 00:00:00,"Endulin Nallah, Mayodia, 17-camp, 83-camp","Endulin Nallah, Mayodia, 17-camp, 83-camp",landslide,downpour,medium,unknown,0.0,,28.4659,95.86,50km,IN,Arunachal Pradesh,GLC
10490,4378,1338595200000.0,2012-06-02 00:00:00,"Arunachal Pradesh, Dibang,","Arunachal Pradesh, Dibang,",landslide,downpour,medium,unknown,,,28.8254,96.1517,50km,IN,Arunachal Pradesh,GLC
8853,4377,1338595200000.0,2012-06-02 00:00:00,"Guwahati, Assam","Guwahati, Assam",landslide,downpour,large,unknown,,,26.1475,91.7356,5km,IN,Assam,GLC
3701,4384,1338681600000.0,2012-06-03 00:00:00,"between Haflong and  Bagetar, Assam","between Haflong and  Bagetar, Assam",landslide,downpour,medium,unknown,,,25.1775,93.0123,5km,IN,Assam,GLC
13208,4382,1338681600000.0,2012-06-03 00:00:00," between Harangajao and Mailongdisa, Assa,"," between Harangajao and Mailongdisa, Assa,",landslide,downpour,medium,unknown,,,25.1175,92.8573,5km,IN,Assam,GLC
4190,4383,1338681600000.0,2012-06-03 00:00:00,"between Maibang and Daotohaja, Assam","between Maibang and Daotohaja, Assam",landslide,downpour,medium,unknown,,,25.3056,93.1265,5km,IN,Assam,GLC
6860,4385,1338681600000.0,2012-06-03 00:00:00,"lachen, Sikkim","lachen, Sikkim",landslide,downpour,medium,unknown,,,27.7167,88.5577,5km,IN,Sikkim,GLC
1867,4392,1338940800000.0,2012-06-06 00:00:00,"Dibang, Arunachal Pradesh","Dibang, Arunachal Pradesh",landslide,downpour,medium,unknown,,,29.2409,95.9761,10km,IN,Arunachal Pradesh,GLC
3569,4393,1339027200000.0,2012-06-07 00:00:00,"Nathang Maong, Sikkim","Nathang Maong, Sikkim",landslide,downpour,large,unknown,7.0,,27.7565,88.632,25km,IN,Sikkim,GLC
6299,4394,1339043400000.0,2012-06-07 04:30:00,"Rolep, South Sikkim( Mapping to Rhenock 12 miles from Rolep)","Rolep, South Sikkim( Mapping to Rhenock 12 miles from Rolep)",landslide,rain,large,unknown,7.0,,27.1748,88.6458,25km,IN,Sikkim,GLC
5093,4403,1339286400000.0,2012-06-10 00:00:00,"Imphal-Jiribam section of NH-37 , Manipur","Imphal-Jiribam section of NH-37 , Manipur",landslide,downpour,very_large,unknown,,,24.8142,93.5444,50km,IN,Manipur,GLC
5959,4408,1339545600000.0,2012-06-13 00:00:00,"NH44, Kuliang","NH44, Kuliang",landslide,downpour,medium,unknown,,,25.5498,92.0757,unknown,IN,Meghalaya,GLC
199,4407,1339545600000.0,2012-06-13 00:00:00,"NH44, Malidhor area,  Baleswar","NH44, Malidhor area,  Baleswar",landslide,downpour,medium,unknown,,,25.0951,92.3567,50km,IN,Meghalaya,GLC
7905,4411,1339646400000.0,2012-06-14 04:00:00,"Tathangchen, Gangtok, Sikkim ","Tathangchen, Gangtok, Sikkim ",landslide,downpour,medium,unknown,,,27.339,88.6065,5km,IN,Sikkim,GLC
13906,4424,1340150400000.0,2012-06-20 00:00:00,"Lalunggaon, Guwahati,  Assam","Lalunggaon, Guwahati,  Assam",landslide,downpour,medium,unknown,,,26.149,91.7351,1km,IN,Assam,GLC
14423,4426,1340323200000.0,2012-06-22 00:00:00,Lalunggaon near Gorchuk area,Lalunggaon near Gorchuk area,landslide,downpour,medium,unknown,3.0,,26.1226,91.7162,5km,IN,Assam,GLC
2719,4435,1340582400000.0,2012-06-25 00:00:00,"Tirap , Arunachal Pradesh","Tirap , Arunachal Pradesh",landslide,downpour,large,unknown,,,27.174,95.8011,10km,IN,Arunachal Pradesh,GLC
9036,4436,1340582400000.0,2012-06-25 00:00:00,"Khonsa, Arunachal Pradesh","Khonsa, Arunachal Pradesh",landslide,downpour,medium,unknown,,,26.9986,95.4993,50km,IN,Arunachal Pradesh,GLC
5081,4434,1340647200000.0,2012-06-25 18:00:00,"Sonaighuli area near Kahilipara, Guwahati City, Assam","Sonaighuli area near Kahilipara, Guwahati City, Assam",landslide,downpour,large,unknown,1.0,,26.1049,91.7369,1km,IN,Assam,GLC
4709,4446,1341446400000.0,2012-07-05 00:00:00,"Tuting, Upper Siang , Arunachal Pradesh","Tuting, Upper Siang , Arunachal Pradesh",landslide,downpour,large,unknown,,,28.9986,94.8885,5km,IN,Arunachal Pradesh,GLC
2167,4556,1347753600000.0,2012-09-16 00:00:00,"Namchi to Phongla, Namchi to Melli ,Namchi to Sumbuk","Namchi to Phongla, Namchi to Melli ,Namchi to Sumbuk",landslide,downpour,medium,unknown,,,27.1675,88.3651,5km,IN,Sikkim,GLC
4921,4569,1348012800000.0,2012-09-19 00:00:00,"North Skkimm Hwy between, Chungthang and Mangan, North Skimm (9 landslides)","North Skkimm Hwy between, Chungthang and Mangan, North Skimm (9 landslides)",landslide,downpour,large,unknown,20.0,,27.8385,88.556,10km,IN,Sikkim,GLC
4336,4570,1348012800000.0,2012-09-19 00:00:00, Arunachal Pradesh , Arunachal Pradesh ,landslide,downpour,medium,unknown,,,27.8458,95.2253,1km,IN,Arunachal Pradesh,GLC
9363,4571,1348012800000.0,2012-09-19 00:00:00," Chungthang and Pegong. Houses, between Rangma and Chungthang "," Chungthang and Pegong. Houses, between Rangma and Chungthang ",landslide,downpour,large,unknown,,,27.6558,88.605,10km,IN,Sikkim,GLC
4088,4610,1352592000000.0,2012-11-11 00:00:00,"Dapchhuah, Mamit, Mizoram","Dapchhuah, Mamit, Mizoram",landslide,downpour,medium,unknown,4.0,,23.7705,92.5217,5km,IN,Mizoram,GLC
1711,4757,1361145600000.0,2013-02-18 00:00:00,"East Siang, Arunachal Pradesh","East Siang, Arunachal Pradesh",landslide,rain,medium,unknown,3.0,2.0,28.1193,95.1645,5km,IN,Arunachal Pradesh,GLC
12807,4798,1365292800000.0,2013-04-07 00:00:00,"Dibang Valley, Arunachal Pradesh","Dibang Valley, Arunachal Pradesh",landslide,rain,medium,unknown,,,28.8254,96.1509,unknown,IN,Arunachal Pradesh,GLC
1170,4845,1367884800000.0,2013-05-07 00:00:00,"Kolasib, Saiha, Mizoram,","Kolasib, Saiha, Mizoram,",mudslide,rain,medium,unknown,,,24.2315,92.6755,50km,IN,Mizoram,GLC
3461,4848,1367971200000.0,2013-05-08 00:00:00,"Purba Simna, Tripura","Purba Simna, Tripura",landslide,rain,medium,unknown,1.0,,24.0896,91.4663,5km,IN,Tripura,GLC
4424,4860,1368230400000.0,2013-05-11 00:00:00,"Boragaon, North Guwahati, Guwahati, Assam,","Boragaon, North Guwahati, Guwahati, Assam,",landslide,rain,medium,unknown,,,26.1016,91.6906,5km,IN,Assam,GLC
1652,4859,1368230400000.0,2013-05-11 00:00:00,"Sarania Hills, North Guwahati, Guwahati, Assam,","Sarania Hills, North Guwahati, Guwahati, Assam,",landslide,rain,medium,unknown,,1.0,26.1771,91.7599,5km,IN,Assam,GLC
4095,4858,1368262800000.0,2013-05-11 09:00:00,"Nursery, North Guwahati, Guwahati, Assam,","Nursery, North Guwahati, Guwahati, Assam,",landslide,rain,medium,unknown,,,26.1662,91.7138,50km,IN,Assam,GLC
8332,4857,1368262800000.0,2013-05-11 09:00:00,"Laipuitland , Aizawl, Mizoram","Laipuitland , Aizawl, Mizoram",landslide,rain,large,unknown,15.0,,23.7281,92.7175,25km,IN,Mizoram,GLC
2418,4861,1368316800000.0,2013-05-12 00:00:00,"Khongsang, Tamenglong, Manipur,","Khongsang, Tamenglong, Manipur,",mudslide,rain,medium,unknown,,,24.9926,93.4946,25km,IN,Manipur,GLC
11319,4892,1370044800000.0,2013-06-01 00:00:00,Upper Subansiri,Upper Subansiri,landslide,downpour,large,unknown,,,27.8776,94.25,50km,IN,Arunachal Pradesh,GLC
8456,4905,1370563200000.0,2013-06-07 00:00:00,"Kuthur – Huker Road Via Y Anner, Chessore, Nagaland","Kuthur – Huker Road Via Y Anner, Chessore, Nagaland",landslide,unknown,medium,unknown,,,26.0977,94.7031,25km,IN,Nagaland,GLC
2196,4906,1370563200000.0,2013-06-07 00:00:00,"Helipong-Chessore Road, Nagaland","Helipong-Chessore Road, Nagaland",landslide,unknown,medium,unknown,,,26.0977,94.7499,10km,IN,Nagaland,GLC
6704,4908,1370710800000.0,2013-06-08 17:00:00,"15 Km From Gangtok, Himalayans","15 Km From Gangtok, Himalayans",landslide,downpour,medium,unknown,0.0,,27.3721,88.708,25km,IN,Sikkim,GLC
1135,4990,1372374000000.0,2013-06-27 23:00:00,"Near Changu Lake, 15Km Away From Nathu La, On India-China Border In Eastern Sikkim","Near Changu Lake, 15Km Away From Nathu La, On India-China Border In Eastern Sikkim",landslide,downpour,medium,unknown,0.0,,27.3765,88.7628,1km,IN,Sikkim,GLC
5427,5005,1372636800000.0,2013-07-01 00:00:00,"Walo Ward, Mon Town, Wokha District, Nagaland","Walo Ward, Mon Town, Wokha District, Nagaland",landslide,downpour,medium,unknown,0.0,,26.72,95.029,5km,IN,Nagaland,GLC
11238,5006,1372636800000.0,2013-07-01 00:00:00,"Thillong Village, Doyang Along State Highway 1, Wokha To Merapani Road","Thillong Village, Doyang Along State Highway 1, Wokha To Merapani Road",landslide,downpour,medium,unknown,0.0,,26.1147,94.3864,1km,IN,Nagaland,GLC
13130,5087,1373587200000.0,2013-07-12 00:00:00,"National Highway 29 Near Phesama Village, Nagaland","National Highway 29 Near Phesama Village, Nagaland",landslide,downpour,medium,unknown,0.0,,25.6269,94.1139,10km,IN,Nagaland,GLC
12251,5084,1373670000000.0,2013-07-12 23:00:00,"National Highway 2 Near Phesama Village Close To Kisama Naha Heritage Site, Kohima District, Nagaland","National Highway 2 Near Phesama Village Close To Kisama Naha Heritage Site, Kohima District, Nagaland",landslide,downpour,medium,unknown,0.0,,25.616,94.1167,10km,IN,Nagaland,GLC
12694,5107,1373846400000.0,2013-07-15 00:00:00,"National Highway 29 Near Phesama Village, Nagaland","National Highway 29 Near Phesama Village, Nagaland",landslide,rain,medium,unknown,0.0,,25.6269,94.1139,10km,IN,Nagaland,GLC
3476,5123,1374019200000.0,2013-07-17 00:00:00,"National Highway 2 Near Meriema Village, 10 Km Away From Kohima","National Highway 2 Near Meriema Village, 10 Km Away From Kohima",mudslide,rain,medium,unknown,0.0,,25.7131,94.0885,50km,IN,Nagaland,GLC
2756,5122,1374019200000.0,2013-07-17 00:00:00,"National Highway 29 Between Patkai Bridge And Kukidolong, Nagaland","National Highway 29 Between Patkai Bridge And Kukidolong, Nagaland",mudslide,rain,medium,unknown,0.0,,25.7658,93.9413,50km,IN,Nagaland,GLC
13081,5250,1375315200000.0,2013-08-01 00:00:00,"Polo River At Polosang, Arunachal Pradesh","Polo River At Polosang, Arunachal Pradesh",mudslide,rain,medium,unknown,,,27.8837,93.0515,10km,IN,Arunachal Pradesh,GLC
13396,5273,1375574400000.0,2013-08-04 00:00:00,"Zhekuto, Nagaland","Zhekuto, Nagaland",landslide,monsoon,medium,unknown,,,26.1807,94.5497,5km,IN,Nagaland,GLC
5313,5268,1375574400000.0,2013-08-04 00:00:00,"Zunheboto, Nagaland","Zunheboto, Nagaland",landslide,continuous_rain,medium,unknown,,,26.0137,94.5163,25km,IN,Nagaland,GLC
3533,5269,1375574400000.0,2013-08-04 00:00:00,"Tizu, Nagaland","Tizu, Nagaland",landslide,continuous_rain,medium,unknown,,,25.8376,94.5234,unknown,IN,Nagaland,GLC
12296,5272,1375574400000.0,2013-08-04 00:00:00,"Longsa, Nagaland","Longsa, Nagaland",landslide,monsoon,medium,unknown,,,26.2083,94.5438,1km,IN,Nagaland,GLC
14687,5270,1375574400000.0,2013-08-04 00:00:00,"Phizo, Nagaland","Phizo, Nagaland",landslide,continuous_rain,medium,unknown,,,26.0481,94.4619,unknown,IN,Nagaland,GLC
3387,5271,1375574400000.0,2013-08-04 00:00:00,"Nanga, Nagaland","Nanga, Nagaland",landslide,continuous_rain,medium,unknown,,,26.284,94.5808,5km,IN,Nagaland,GLC
2327,5274,1375574400000.0,2013-08-04 00:00:00,"Suruhuto Town, Nagaland","Suruhuto Town, Nagaland",landslide,rain,medium,unknown,,,26.0838,94.564,25km,IN,Nagaland,GLC
1293,5275,1375574400000.0,2013-08-04 00:00:00,"Suruhuto Town, Nagaland","Suruhuto Town, Nagaland",landslide,monsoon,medium,unknown,,,26.1498,94.6055,10km,IN,Nagaland,GLC
7300,5300,1376006400000.0,2013-08-09 00:00:00,"Senapati, Manipur","Senapati, Manipur",landslide,downpour,large,unknown,,,25.318,94.0441,50km,IN,Manipur,GLC
8051,5312,1376262000000.0,2013-08-11 23:00:00,Kangtsung Village,Kangtsung Village,landslide,downpour,very_large,unknown,0.0,,26.7103,94.693,10km,IN,Nagaland,GLC
5760,5427,1376524800000.0,2013-08-15 00:00:00,"Koide Government High School, Senapati, Manipur","Koide Government High School, Senapati, Manipur",landslide,downpour,medium,unknown,,,25.3833,94.1884,5km,IN,Manipur,GLC
3301,5336,1376611200000.0,2013-08-16 00:00:00,"Tobu, Nagaland","Tobu, Nagaland",landslide,rain,medium,unknown,,,26.3897,94.9439,10km,IN,Nagaland,GLC
1719,5338,1376611200000.0,2013-08-16 00:00:00,"Longlem, Nagaland","Longlem, Nagaland",landslide,rain,medium,unknown,,,26.8727,94.9275,25km,IN,Nagaland,GLC
3864,5337,1376611200000.0,2013-08-16 00:00:00,"Yakshu, Nagaland","Yakshu, Nagaland",landslide,rain,medium,unknown,,,26.4205,94.9731,5km,IN,Nagaland,GLC
14712,5343,1376780400000.0,2013-08-17 23:00:00,The Imphal-Jiribam Section Of Nh-37 In Tamenglong District,The Imphal-Jiribam Section Of Nh-37 In Tamenglong District,landslide,continuous_rain,medium,unknown,,,24.7625,93.4341,10km,IN,Manipur,GLC
2606,5421,1377820800000.0,2013-08-30 00:00:00,"Yakshu, Nagaland","Yakshu, Nagaland",mudslide,unknown,medium,unknown,,,26.4205,94.9731,5km,IN,Nagaland,GLC
764,5431,1377993600000.0,2013-09-01 00:00:00,"Tamenglong, Manipur","Tamenglong, Manipur",mudslide,continuous_rain,medium,unknown,0.0,,24.9829,93.5063,5km,IN,Manipur,GLC
11408,5430,1377993600000.0,2013-09-01 00:00:00,"Tamenglong- Khongsang Road, Manipur","Tamenglong- Khongsang Road, Manipur",mudslide,continuous_rain,medium,unknown,0.0,,24.9037,93.487,25km,IN,Manipur,GLC
11923,5429,1378058400000.0,2013-09-01 18:00:00,Tamabong Village In Sikkim State,Tamabong Village In Sikkim State,landslide,downpour,medium,unknown,5.0,,27.3425,88.2426,50km,IN,Sikkim,GLC
1548,5442,1378080000000.0,2013-09-02 00:00:00,Arunachal Pradesh,Arunachal Pradesh,landslide,downpour,large,unknown,,,27.1614,93.7525,unknown,IN,Arunachal Pradesh,GLC
2220,5441,1378080000000.0,2013-09-02 00:00:00,"Gosang Village Under Jengging Circle, Arunachal Pradesh","Gosang Village Under Jengging Circle, Arunachal Pradesh",landslide,downpour,large,unknown,,,28.611,94.9829,5km,IN,Arunachal Pradesh,GLC
1847,5476,1378566000000.0,2013-09-07 15:00:00,14 Milestone Of J N Marg Near Kyangnosola (East Sikkim),14 Milestone Of J N Marg Near Kyangnosola (East Sikkim),landslide,rain,medium,unknown,0.0,,27.3736,88.7323,25km,IN,Sikkim,GLC
5756,5485,1378598400000.0,2013-09-08 00:00:00,"Chungthang, Sikkim","Chungthang, Sikkim",rock_fall,rain,medium,unknown,1.0,2.0,27.6047,88.6463,50km,IN,Sikkim,GLC
2659,5552,1379980800000.0,2013-09-24 00:00:00,"Ukhrul, Manipur","Ukhrul, Manipur",landslide,unknown,medium,unknown,,,25.0985,94.3619,5km,IN,Manipur,GLC
1410,5575,1381014000000.0,2013-10-05 23:00:00,"Chiechama, Nagaland","Chiechama, Nagaland",mudslide,continuous_rain,medium,unknown,0.0,,25.8266,94.1497,5km,IN,Nagaland,GLC
11249,5584,1381017600000.0,2013-10-06 00:00:00,"Nilachal Hill, Guwahati, Assam","Nilachal Hill, Guwahati, Assam",landslide,downpour,medium,unknown,0.0,,26.1665,91.7049,5km,IN,Assam,GLC
66,5582,1381063500000.0,2013-10-06 12:45:00,"Batahguli, Guwahati, Assam","Batahguli, Guwahati, Assam",landslide,downpour,medium,unknown,1.0,,26.1309,91.8383,5km,IN,Assam,GLC
9739,5603,1381692600000.0,2013-10-13 19:30:00,"Tusom, Manipur","Tusom, Manipur",mudslide,downpour,medium,unknown,0.0,,25.426,94.6024,5km,IN,Manipur,GLC
6905,6015,1399507200000.0,2014-05-08 00:00:00,Lohit District of Arunachal Pradesh,Lohit District of Arunachal Pradesh,mudslide,rain,medium,above_road,0.0,0.0,27.9032,96.174,1km,IN,Arunachal Pradesh,GLC
846,6016,1399676400000.0,2014-05-09 23:00:00,"Satgarakul Village, Karimganj, Assam State","Satgarakul Village, Karimganj, Assam State",landslide,rain,small,unknown,7.0,0.0,24.8669,92.3576,1km,IN,Assam,GLC
7706,6107,1403823600000.0,2014-06-26 23:00:00,Bamunimaidam,Bamunimaidam,landslide,continuous_rain,small,unknown,1.0,0.0,26.1844,91.7896,5km,IN,Assam,GLC
13159,6106,1403823600000.0,2014-06-26 23:00:00,Narakasur,Narakasur,landslide,continuous_rain,small,unknown,3.0,0.0,26.1407,91.7645,5km,IN,Assam,GLC
465,6105,1403823600000.0,2014-06-26 23:00:00,Arunachal Pradesh,Arunachal Pradesh,landslide,continuous_rain,medium,above_road,0.0,0.0,28.9205,95.3429,unknown,IN,Arunachal Pradesh,GLC
4150,6110,1403827200000.0,2014-06-27 00:00:00,"Bhangagarh, Assam","Bhangagarh, Assam",landslide,rain,small,unknown,3.0,0.0,26.1619,91.7697,exact,IN,Assam,GLC
1712,6112,1403946000000.0,2014-06-28 09:00:00,"Kharghuli Hills, Assam","Kharghuli Hills, Assam",landslide,rain,medium,unknown,0.0,0.0,26.1964,91.7652,exact,IN,Assam,GLC
1015,6143,1405360800000.0,2014-07-14 18:00:00,"Zembabawk, Aizawl","Zembabawk, Aizawl",landslide,downpour,medium,unknown,1.0,2.0,23.7327,92.7463,5km,IN,Mizoram,GLC
5592,6513,1408057200000.0,2014-08-14 23:00:00,Sabroom,Sabroom,mudslide,downpour,medium,unknown,3.0,0.0,23.0137,91.7174,5km,IN,Tripura,GLC
3674,6200,1408233600000.0,2014-08-17 00:00:00,Arunachal Pradesh/Itanagar,Arunachal Pradesh/Itanagar,landslide,downpour,large,unknown,0.0,0.0,27.0869,93.6086,10km,IN,Arunachal Pradesh,GLC
5275,6331,1410134400000.0,2014-09-08 00:00:00,Kiphire-Seyochung road near Yangzitong village,Kiphire-Seyochung road near Yangzitong village,mudslide,unknown,medium,unknown,0.0,0.0,25.9466,94.6279,25km,IN,Nagaland,GLC
800,6291,1411257600000.0,2014-09-21 00:00:00,National Highway 51,National Highway 51,landslide,continuous_rain,large,unknown,0.0,0.0,25.7354,90.3852,25km,IN,Meghalaya,GLC
6727,6283,1411344000000.0,2014-09-22 00:00:00,Dakhingaon,Dakhingaon,landslide,rain,small,unknown,0.0,0.0,26.1314,91.7548,1km,IN,Assam,GLC
5620,6282,1411344000000.0,2014-09-22 00:00:00,Lalmati,Lalmati,landslide,rain,small,urban,1.0,0.0,26.1097,91.7747,5km,IN,Assam,GLC
8334,6289,1411344000000.0,2014-09-22 00:00:00,Pamohi,Pamohi,landslide,rain,small,unknown,0.0,0.0,26.1001,91.6849,5km,IN,Assam,GLC
14315,6287,1411344000000.0,2014-09-22 00:00:00,Dhirenpara,Dhirenpara,landslide,rain,small,unknown,0.0,0.0,26.1295,91.7056,5km,IN,Assam,GLC
9172,6285,1411344000000.0,2014-09-22 00:00:00,VIP Road,VIP Road,landslide,rain,small,above_road,0.0,0.0,26.159,91.8178,5km,IN,Assam,GLC
7281,6284,1411344000000.0,2014-09-22 00:00:00,Batahghuli,Batahghuli,landslide,rain,small,unknown,0.0,1.0,26.1324,91.8342,5km,IN,Assam,GLC
11444,6286,1411344000000.0,2014-09-22 00:00:00,Garchuk,Garchuk,landslide,rain,small,unknown,0.0,0.0,26.1044,91.7082,5km,IN,Assam,GLC
2585,6288,1411344000000.0,2014-09-22 00:00:00,Noonmati,Noonmati,landslide,rain,small,unknown,0.0,0.0,26.1985,91.7998,5km,IN,Assam,GLC
9229,6292,1411430400000.0,2014-09-23 00:00:00,Hatsingimari,Hatsingimari,landslide,continuous_rain,small,unknown,1.0,0.0,25.7238,89.9032,5km,IN,Assam,GLC
12389,6290,1411441200000.0,2014-09-23 03:00:00,Mawbah under Mawprem area,Mawbah under Mawprem area,landslide,continuous_rain,small,urban,8.0,1.0,25.5772,91.8666,5km,IN,Meghalaya,GLC
11806,6213,1411516800000.0,2014-09-24 00:00:00,Meghalaya,Meghalaya,landslide,continuous_rain,large,unknown,0.0,0.0,25.8143,90.5763,unknown,IN,Meghalaya,GLC
2575,6222,1412161200000.0,2014-10-01 11:00:00,Karsingsa block point,Karsingsa block point,landslide,unknown,small,above_road,5.0,0.0,27.1249,93.7706,5km,IN,Arunachal Pradesh,GLC
8261,6214,1412531100000.0,2014-10-05 17:45:00,Jorabat-Umiam route,Jorabat-Umiam route,landslide,rain,medium,above_road,1.0,0.0,25.9702,91.8587,5km,IN,Meghalaya,GLC
2191,6293,1413763200000.0,2014-10-20 00:00:00,South West Garo Hills,South West Garo Hills,landslide,rain,medium,unknown,6.0,0.0,25.5006,90.0896,50km,IN,Meghalaya,GLC
13474,6775,1423872000000.0,2015-02-14 00:00:00,Kailashpur hill,Kailashpur hill,landslide,mining,small,mine,1.0,2.0,26.1468,91.6469,5km,IN,Assam,GLC
11533,6786,1424386800000.0,2015-02-19 23:00:00,"Hailākāndi : Two labourers died while another was injured in a landslide in Assam's Hailakandi district, the police said today.",,landslide,mining,medium,mine,2.0,1.0,24.6108,92.562,5km,IN,Assam,GLC
5895,7591,1426723200000.0,2015-03-19 00:00:00,Ratacherra,Ratacherra,landslide,rain,small,unknown,0.0,0.0,25.0318,92.4584,5km,IN,Assam,GLC
7362,7031,1432425600000.0,2015-05-24 00:00:00,"Bop, Sikkim","Bop, Sikkim",landslide,unknown,medium,above_road,0.0,0.0,27.6163,88.6586,1km,IN,Sikkim,GLC
4326,6971,1433808000000.0,2015-06-09 00:00:00,"Itanagar, Arunachal Pradesh","Itanagar, Arunachal Pradesh",landslide,continuous_rain,medium,above_road,2.0,2.0,27.0987,93.816,5km,IN,Arunachal Pradesh,GLC
7355,6968,1434153600000.0,2015-06-13 00:00:00,"Ratacherra village along the NH-44 connecting to Barak Valley in Assam and Tripura, Meghalaya, Mizoramon","Ratacherra village along the NH-44 connecting to Barak Valley in Assam and Tripura, Meghalaya, Mizoramon",landslide,continuous_rain,medium,unknown,4.0,2.0,25.463,92.2121,5km,IN,Meghalaya,GLC
463,6970,1434412800000.0,2015-06-16 00:00:00,Akonggre,Akonggre,rock_fall,downpour,small,above_road,1.0,0.0,25.5084,90.2191,1km,IN,Meghalaya,GLC
11273,6969,1434435300000.0,2015-06-16 06:15:00,"Nakham Bazaar, Tura, Meghalaya","Nakham Bazaar, Tura, Meghalaya",landslide,downpour,medium,urban,4.0,0.0,25.5114,90.215,1km,IN,Meghalaya,GLC
14657,6963,1434672000000.0,2015-06-19 00:00:00,"Muanna locality, Mizoram","Muanna locality, Mizoram",landslide,rain,medium,natural_slope,0.0,0.0,23.7131,92.7362,50km,IN,Mizoram,GLC
5525,6945,1434672000000.0,2015-06-19 00:00:00,"amei to Kangpokpi via Imphal road, 0.5 km from Tamei, Tamenglang District","amei to Kangpokpi via Imphal road, 0.5 km from Tamei, Tamenglang District",landslide,monsoon,medium,above_road,0.0,0.0,25.16,93.686,1km,IN,Manipur,GLC
13045,6990,1435104000000.0,2015-06-24 00:00:00,"New Land (""New Colony"")","New Land (""New Colony"")",landslide,continuous_rain,medium,above_road,0.0,0.0,26.0319,94.5466,5km,IN,Nagaland,GLC
2434,7214,1436947200000.0,2015-07-15 08:00:00,Type-IV Colony of Seppa in East Kameng,Type-IV Colony of Seppa in East Kameng,landslide,monsoon,medium,urban,3.0,0.0,27.36,93.0385,5km,IN,Arunachal Pradesh,GLC
2043,7265,1437523200000.0,2015-07-22 00:00:00,Willong-Yangkhullen stretch,Willong-Yangkhullen stretch,landslide,continuous_rain,medium,above_road,0.0,0.0,25.5007,93.9854,5km,IN,Manipur,GLC
6532,7266,1437523200000.0,2015-07-22 00:00:00,Yangkhullen-Tamphung road till Nagaland border,Yangkhullen-Tamphung road till Nagaland border,landslide,continuous_rain,medium,above_road,0.0,0.0,25.5098,93.8794,10km,IN,Manipur,GLC
7931,7253,1437523200000.0,2015-07-22 00:00:00,Lakhipur,Lakhipur,landslide,continuous_rain,medium,urban,5.0,0.0,24.7979,92.9974,5km,IN,Assam,GLC
8196,7267,1437523200000.0,2015-07-22 00:00:00,NH-2 between Senapati and Mao,NH-2 between Senapati and Mao,landslide,continuous_rain,small,above_road,0.0,0.0,25.3908,94.0926,10km,IN,Manipur,GLC
4162,7263,1437523200000.0,2015-07-22 00:00:00,"15 kms from Maram, National Highway-102/A (Maram Peren road)","15 kms from Maram, National Highway-102/A (Maram Peren road)",landslide,continuous_rain,medium,above_road,0.0,0.0,25.4477,94.0489,1km,IN,Manipur,GLC
7195,7264,1437523200000.0,2015-07-22 00:00:00,22 kms to 30 kms between Sangkungmai and Willong,22 kms to 30 kms between Sangkungmai and Willong,landslide,continuous_rain,medium,above_road,0.0,0.0,25.4538,93.9827,5km,IN,Manipur,GLC
10861,7279,1437696000000.0,2015-07-24 00:00:00,Tamenglong Ward No-IV,Tamenglong Ward No-IV,mudslide,monsoon,medium,other,0.0,0.0,24.9818,93.5142,50km,IN,Manipur,GLC
10407,7276,1437814800000.0,2015-07-25 09:00:00,"Dispur : According to report, a huge hillock slipped into the house after heavy rain where Dinesh Bodo along with his wife and daughter lived in. Thi*",,landslide,continuous_rain,medium,natural_slope,2.0,0.0,26.1062,91.8717,5km,IN,Assam,GLC
5786,7364,1438333200000.0,2015-07-31 09:00:00,Phungyar road,Phungyar road,landslide,continuous_rain,medium,below_road,0.0,0.0,24.819,94.3551,10km,IN,Manipur,GLC
7438,7372,1438383600000.0,2015-07-31 23:00:00,Naga Gate along the Ukhrul-Imphal route,Naga Gate along the Ukhrul-Imphal route,mudslide,continuous_rain,medium,above_road,0.0,0.0,25.0634,94.3415,10km,IN,Manipur,GLC
1420,7910,1438387200000.0,2015-08-01 00:00:00,Chandel,Chandel,landslide,unknown,medium,above_road,0.0,0.0,24.3481,94.1146,10km,IN,Manipur,GLC
8233,7383,1438387200000.0,2015-08-01 00:00:00,"Tuitung village, Khengjoi","Tuitung village, Khengjoi",landslide,rain,medium,unknown,0.0,0.0,23.899,94.1434,5km,IN,Manipur,GLC
5307,7370,1438387200000.0,2015-08-01 00:00:00,between Moltuk to New Songjang village,between Moltuk to New Songjang village,landslide,continuous_rain,medium,above_road,0.0,0.0,24.1419,94.1078,5km,IN,Manipur,GLC
2674,7388,1438387200000.0,2015-08-01 00:00:00,Senam,Senam,landslide,continuous_rain,medium,unknown,0.0,0.0,24.416,94.0984,5km,IN,Manipur,GLC
12268,7387,1438387200000.0,2015-08-01 00:00:00,Imphal-Ukhrul road,Imphal-Ukhrul road,landslide,continuous_rain,small,below_road,0.0,0.0,24.954,94.2156,50km,IN,Manipur,GLC
4283,7371,1438387200000.0,2015-08-01 00:00:00,near S Lamphei Lamkhai and Sehlon village,near S Lamphei Lamkhai and Sehlon village,landslide,continuous_rain,medium,unknown,0.0,0.0,23.9939,94.0573,50km,IN,Manipur,GLC
2127,7373,1438387200000.0,2015-08-01 00:00:00,between Maku village and Kamjong sub division,between Maku village and Kamjong sub division,landslide,continuous_rain,medium,above_road,,,24.9111,94.4759,10km,IN,Manipur,GLC
8646,7375,1438387200000.0,2015-08-01 00:00:00,Ukhrul NH 201-Jessami road,Ukhrul NH 201-Jessami road,landslide,continuous_rain,medium,above_road,0.0,0.0,25.1941,94.4481,25km,IN,Manipur,GLC
2032,7384,1438387200000.0,2015-08-01 00:00:00,"Wayang, Khengjoi","Wayang, Khengjoi",landslide,rain,medium,unknown,0.0,0.0,23.9278,94.0906,5km,IN,Manipur,GLC
10914,7385,1438387200000.0,2015-08-01 00:00:00,"Holenjang, Chandel district","Holenjang, Chandel district",landslide,continuous_rain,medium,unknown,0.0,0.0,24.004,93.9815,10km,IN,Manipur,GLC
7503,7374,1438387200000.0,2015-08-01 00:00:00,Ukhrul town Circular road from Rayotang to Viewland Zone II,Ukhrul town Circular road from Rayotang to Viewland Zone II,landslide,continuous_rain,medium,below_road,0.0,0.0,25.1122,94.3591,10km,IN,Manipur,GLC
10213,7389,1438387200000.0,2015-08-01 00:00:00,between Bongyang and Lokchao along the Imphal-Moreh highway,between Bongyang and Lokchao along the Imphal-Moreh highway,landslide,continuous_rain,medium,above_road,0.0,0.0,24.4072,94.0644,5km,IN,Manipur,GLC
11626,7390,1438387200000.0,2015-08-01 00:00:00,between Tengnoupal-Sita junction and Tengnoupal Power Sub-Station,between Tengnoupal-Sita junction and Tengnoupal Power Sub-Station,landslide,continuous_rain,medium,above_road,0.0,0.0,24.4265,94.1913,25km,IN,Manipur,GLC
9391,7369,1438387200000.0,2015-08-01 00:00:00,between Chalong and Paraolon,between Chalong and Paraolon,landslide,continuous_rain,medium,above_road,0.0,0.0,24.1988,94.1016,10km,IN,Manipur,GLC
1643,7313,1438410600000.0,2015-08-01 06:30:00,Joumol of Chandel district,Joumol of Chandel district,landslide,continuous_rain,large,deforested_slope,21.0,0.0,24.1077,94.0396,25km,IN,Manipur,GLC
3874,7409,1438473600000.0,2015-08-02 00:00:00,Meluri Sub-Division in Phek District of Nagaland,Meluri Sub-Division in Phek District of Nagaland,landslide,continuous_rain,medium,unknown,0.0,0.0,25.72,94.6219,10km,IN,Nagaland,GLC
9425,7666,1439251200000.0,2015-08-11 00:00:00,Tousem,Tousem,landslide,continuous_rain,medium,unknown,0.0,0.0,25.1019,93.3729,5km,IN,Manipur,GLC
9942,7665,1439251200000.0,2015-08-11 00:00:00,Khoupum,Khoupum,landslide,continuous_rain,medium,unknown,0.0,0.0,24.7016,93.5291,5km,IN,Manipur,GLC
13053,7664,1439251200000.0,2015-08-11 00:00:00,Nungba,Nungba,landslide,continuous_rain,medium,unknown,0.0,0.0,24.7459,93.4251,10km,IN,Manipur,GLC
12612,7660,1439337600000.0,2015-08-12 00:00:00,Phesama village,Phesama village,mudslide,continuous_rain,medium,below_road,0.0,0.0,25.6237,94.1136,5km,IN,Nagaland,GLC
4045,7887,1439683200000.0,2015-08-16 00:00:00,Hawai,Hawai,landslide,continuous_rain,medium,above_road,0.0,0.0,27.8835,96.9262,50km,IN,Arunachal Pradesh,GLC
2739,7334,1439856000000.0,2015-08-18 00:00:00,Arunachal Pradesh,Arunachal Pradesh,landslide,unknown,medium,unknown,1.0,0.0,28.1737,94.7596,unknown,IN,Arunachal Pradesh,GLC
11475,7335,1439888400000.0,2015-08-18 09:00:00,Tura Civil Hospital,Tura Civil Hospital,landslide,continuous_rain,medium,urban,0.0,0.0,25.5145,90.2023,1km,IN,Meghalaya,GLC
7400,7590,1439942400000.0,2015-08-19 00:00:00,Tongseng,Tongseng,landslide,rain,small,unknown,0.0,0.0,25.1416,92.3807,5km,IN,Meghalaya,GLC
3499,7706,1439942400000.0,2015-08-19 00:00:00,National Highway at Kuliang,National Highway at Kuliang,landslide,rain,medium,above_road,0.0,0.0,25.0728,92.3636,5km,IN,Meghalaya,GLC
13941,7699,1439942400000.0,2015-08-19 00:00:00,Zunheboto district,Zunheboto district,landslide,continuous_rain,medium,unknown,0.0,0.0,26.0214,94.5224,50km,IN,Nagaland,GLC
13720,7589,1439942400000.0,2015-08-19 00:00:00,National Highway 44,National Highway 44,landslide,rain,medium,above_road,0.0,0.0,25.2568,92.3825,25km,IN,Meghalaya,GLC
13515,7336,1439974800000.0,2015-08-19 09:00:00,NH-62 at Sibbari,NH-62 at Sibbari,landslide,continuous_rain,medium,above_road,0.0,0.0,25.2193,90.5549,10km,IN,Meghalaya,GLC
9286,7701,1439996400000.0,2015-08-19 15:00:00,Phesama,Phesama,landslide,continuous_rain,medium,above_road,0.0,0.0,25.6278,94.1051,5km,IN,Nagaland,GLC
1774,7727,1440093600000.0,2015-08-20 18:00:00,between Phesama and Kuima in Nagaland,between Phesama and Kuima in Nagaland,landslide,continuous_rain,medium,below_road,0.0,0.0,25.6263,94.1057,5km,IN,Nagaland,GLC
12747,7728,1440234000000.0,2015-08-22 09:00:00,Natonal Highway in Jorabat area,Natonal Highway in Jorabat area,landslide,continuous_rain,medium,above_road,0.0,0.0,26.1028,91.8806,5km,IN,Assam,GLC
6243,7778,1440547200000.0,2015-08-26 00:00:00,Phullen’s main road,Phullen’s main road,mudslide,continuous_rain,medium,above_road,0.0,0.0,23.8447,93.0514,10km,IN,Mizoram,GLC
9795,7780,1440547200000.0,2015-08-26 00:00:00,Sailam village,Sailam village,landslide,continuous_rain,medium,above_road,1.0,0.0,23.3572,92.7878,5km,IN,Mizoram,GLC
2704,7838,1440633600000.0,2015-08-27 00:00:00,the state highway which links the rest of the state to eastern Champhai district,the state highway which links the rest of the state to eastern Champhai district,landslide,downpour,medium,above_road,0.0,0.0,23.6866,93.017,50km,IN,Mizoram,GLC
2004,7837,1440633600000.0,2015-08-27 00:00:00,three graveyards within Aizawl,three graveyards within Aizawl,landslide,downpour,medium,urban,0.0,0.0,23.7269,92.7265,5km,IN,Mizoram,GLC
3516,7836,1440633600000.0,2015-08-27 00:00:00,"National Highway 54, at Kawnpui town","National Highway 54, at Kawnpui town",landslide,downpour,medium,above_road,0.0,0.0,24.042,92.6724,10km,IN,Mizoram,GLC
11,7972,1440726300000.0,2015-08-28 01:45:00,"Mizoram, India","Mizoram, India",landslide,downpour,large,unknown,0.0,0.0,23.4495,92.8112,25km,IN,Mizoram,GLC
1243,7923,1441065600000.0,2015-09-01 00:00:00,Amingaon,Amingaon,landslide,rain,medium,unknown,2.0,0.0,26.49349035,91.72137514,10km,IN,Assam,GLC
359,7933,1441065600000.0,2015-09-01 00:00:00,Maligaon,Maligaon,rock_fall,rain,medium,unknown,2.0,0.0,26.1868,91.6739,1km,IN,Assam,GLC
4241,7956,1441411200000.0,2015-09-05 00:00:00,Byrnihat,Byrnihat,landslide,unknown,medium,above_road,0.0,0.0,26.048,91.8695,1km,IN,Meghalaya,GLC
5002,8012,1441551600000.0,2015-09-06 15:00:00,"Umling, Meghalaya 793102, India","Umling, Meghalaya 793102, India",landslide,unknown,medium,above_road,0.0,0.0,25.9703,91.8584,1km,IN,Meghalaya,GLC
3359,8224,1442194200000.0,2015-09-14 01:30:00,"Aizawl, Mizoram, India","Aizawl, Mizoram, India",landslide,downpour,medium,above_road,0.0,0.0,23.7313,92.7187,5km,IN,Mizoram,GLC
971,8223,1442200200000.0,2015-09-14 03:10:00,"Aizawl, Mizoram, India","Aizawl, Mizoram, India",landslide,downpour,large,above_road,0.0,0.0,23.7348,92.7187,5km,IN,Mizoram,GLC
2679,8339,1442966400000.0,2015-09-23 00:00:00,Kamakhya Temple,Kamakhya Temple,landslide,continuous_rain,medium,above_road,0.0,0.0,26.1666,91.7042,1km,IN,Assam,GLC
2465,8366,1443020400000.0,2015-09-23 15:00:00,"Shillong, Meghalaya, India","Shillong, Meghalaya, India",landslide,downpour,medium,natural_slope,2.0,1.0,25.583,91.893,5km,IN,Meghalaya,GLC
4414,9215,1452748500000.0,2016-01-14 05:15:00,NH10 in Rangpo,NH10 in Rangpo,rock_fall,unknown,medium,above_road,1.0,5.0,27.1758,88.5294,1km,IN,Sikkim,GLC
10103,9405,1461024000000.0,2016-04-19 00:00:00,"Techahan Ward, Mon, Nagaland, India","Techahan Ward, Mon, Nagaland, India",landslide,continuous_rain,medium,unknown,0.0,0.0,26.7223,95.0243,1km,IN,Nagaland,GLC
2217,7655,1461292200000.0,2016-04-22 02:30:00,"Tawang, Arunachal Pradesh","Tawang, Arunachal Pradesh",landslide,continuous_rain,medium,above_road,17.0,0.0,27.5799,91.8569,5km,IN,Arunachal Pradesh,GLC
4958,9428,1461360600000.0,2016-04-22 21:30:00,"Thongleng village, Lumla, Tawang, Arunachal Pradesh, India","Thongleng village, Lumla, Tawang, Arunachal Pradesh, India",landslide,continuous_rain,medium,unknown,2.0,4.0,27.5523,91.752,10km,IN,Arunachal Pradesh,GLC
9598,9404,1462060800000.0,2016-05-01 00:00:00,"Hayuliang, Anjaw district,Arunachal Pradesh, India","Hayuliang, Anjaw district,Arunachal Pradesh, India",landslide,downpour,medium,above_road,0.0,0.0,28.0822,96.5316,1km,IN,Arunachal Pradesh,GLC
2198,9338,1463558400000.0,2016-05-18 08:00:00,"Sonachirra, Karimganj district, Assam, India","Sonachirra, Karimganj district, Assam, India",landslide,continuous_rain,medium,natural_slope,5.0,0.0,24.4638,92.4943,10km,IN,Assam,GLC
2374,9336,1463558400000.0,2016-05-18 08:00:00,"Ramchandi , Hailakandi District, Assam, India","Ramchandi , Hailakandi District, Assam, India",landslide,continuous_rain,small,unknown,1.0,0.0,24.5308,92.5121,1km,IN,Assam,GLC
3093,9335,1463558400000.0,2016-05-18 08:00:00,"Bilaipur, Hailakandi district, Assam, India","Bilaipur, Hailakandi district, Assam, India",landslide,continuous_rain,unknown,unknown,2.0,0.0,24.5202,92.7239,1km,IN,Assam,GLC
7863,9334,1463558400000.0,2016-05-18 08:00:00,"Bilaipur, Hailakandi district, Assam, India","Bilaipur, Hailakandi district, Assam, India",landslide,continuous_rain,unknown,unknown,2.0,0.0,24.5204,92.7264,1km,IN,Assam,GLC
6959,9169,1465689600000.0,2016-06-12 00:00:00,"on road between Mon and Tobu near Telangsao Hydro project , Nagaland, India","on road between Mon and Tobu near Telangsao Hydro project , Nagaland, India",landslide,continuous_rain,unknown,above_road,0.0,0.0,26.1677,94.2442,100km,IN,Nagaland,GLC
11353,9168,1465772400000.0,2016-06-12 23:00:00,"NH 13 10 kilometers from Old Ziro, Arunachal Pradesh, India","NH 13 10 kilometers from Old Ziro, Arunachal Pradesh, India",landslide,downpour,medium,above_road,0.0,0.0,27.6438,93.871,10km,IN,Arunachal Pradesh,GLC
9601,9142,1465891200000.0,2016-06-14 08:00:00,"lower Majakong Ward, Mokokchung, Nagaland, India","lower Majakong Ward, Mokokchung, Nagaland, India",landslide,continuous_rain,medium,retaining_wall,0.0,0.0,26.3185,94.5247,1km,IN,Nagaland,GLC
10291,8222,1466596800000.0,2016-06-22 12:00:00,"Piyali Phukan Nagar, Guwahati, India","Piyali Phukan Nagar, Guwahati, India",mudslide,downpour,medium,natural_slope,1.0,0.0,26.1961,91.7825,5km,IN,Assam,GLC
5870,8237,1467331200000.0,2016-07-01 00:00:00,"Old Inspection Bungalow, Bhalukpong town, West Kameng, Arunachal Pradesh, India","Old Inspection Bungalow, Bhalukpong town, West Kameng, Arunachal Pradesh, India",landslide,downpour,large,unknown,5.0,3.0,27.0136,92.6351,1km,IN,Arunachal Pradesh,GLC
11575,8900,1467849600000.0,2016-07-07 00:00:00,"Imphal-Ukhrul sector of National Highway 102, Manipur, India","Imphal-Ukhrul sector of National Highway 102, Manipur, India",landslide,monsoon,large,above_road,0.0,0.0,25.0118,94.3136,25km,IN,Manipur,GLC
8449,8684,1467849600000.0,2016-07-07 00:00:00,"Kamrup district, Assam, India","Kamrup district, Assam, India",landslide,continuous_rain,medium,retaining_wall,2.0,2.0,25.9611,91.3681,50km,IN,Assam,GLC
1939,8901,1468108800000.0,2016-07-10 00:00:00,"National Highway 2, near Kohima, Nagaland, India","National Highway 2, near Kohima, Nagaland, India",landslide,downpour,medium,above_road,0.0,0.0,25.7902,94.1318,25km,IN,Nagaland,GLC
327,8930,1468278000000.0,2016-07-11 23:00:00,"North Point Colony, Akuluto, Nagaland, India","North Point Colony, Akuluto, Nagaland, India",landslide,unknown,large,unknown,0.0,0.0,26.1699,94.4922,1km,IN,Nagaland,GLC
11267,8996,1468454400000.0,2016-07-14 00:00:00,"Pub Sarania hill, South Sarania, Guwahati, Assam, India","Pub Sarania hill, South Sarania, Guwahati, Assam, India",landslide,monsoon,small,natural_slope,1.0,0.0,26.1768,91.7702,1km,IN,Assam,GLC
13710,8995,1468454400000.0,2016-07-14 00:00:00,"Noonmati Nijarapar area of the city, Guwahati, Assam, India","Noonmati Nijarapar area of the city, Guwahati, Assam, India",landslide,monsoon,small,unknown,1.0,0.0,26.1963,91.8074,5km,IN,Assam,GLC
12929,9010,1468627200000.0,2016-07-16 00:00:00,"Hoj-Potin Highway, Arunachal Pradesh, India","Hoj-Potin Highway, Arunachal Pradesh, India",mudslide,downpour,medium,above_road,1.0,0.0,27.3034,93.804,5km,IN,Arunachal Pradesh,GLC
11055,9087,1468886400000.0,2016-07-19 00:00:00,"5 km off Sangam point on Aalo- Pangin road, Arunachal Pradesh, India","5 km off Sangam point on Aalo- Pangin road, Arunachal Pradesh, India",landslide,downpour,medium,above_road,0.0,0.0,28.235,94.9612,50km,IN,Arunachal Pradesh,GLC
4787,9124,1468886400000.0,2016-07-19 00:00:00,"Rongthragittim Songittal village, near Sibbari, South Garo Hills District, Meghalaya, India","Rongthragittim Songittal village, near Sibbari, South Garo Hills District, Meghalaya, India",translational_slide,continuous_rain,large,natural_slope,0.0,0.0,25.203,90.5573,5km,IN,Meghalaya,GLC
12935,9051,1468918800000.0,2016-07-19 09:00:00,"12th Mile area at Jorabat, Meghalaya, India","12th Mile area at Jorabat, Meghalaya, India",landslide,unknown,medium,natural_slope,0.0,1.0,26.09748244,91.8744337,25km,IN,Assam,GLC
6760,9122,1468972800000.0,2016-07-20 00:00:00,"Noonmati, Guwahati, Assam, India","Noonmati, Guwahati, Assam, India",landslide,rain,medium,unknown,0.0,0.0,26.1966,91.802,5km,IN,Assam,GLC
7090,9186,1469449800000.0,2016-07-25 12:30:00,"Imphal-Dimapur road  in Tadubi, Senapati district, Manipur, India","Imphal-Dimapur road  in Tadubi, Senapati district, Manipur, India",landslide,continuous_rain,medium,above_road,0.0,1.0,25.48,94.1383,1km,IN,Manipur,GLC
13076,9219,1469574000000.0,2016-07-26 23:00:00,"Zunheboto, Nagaland, India","Zunheboto, Nagaland, India",landslide,downpour,medium,retaining_wall,0.0,0.0,26.0101,94.5282,5km,IN,Nagaland,GLC
4160,9252,1469664000000.0,2016-07-28 00:00:00,"Dolma Lhakang complex, Lumla, Tawang,  Arunachal Pradesh, India","Dolma Lhakang complex, Lumla, Tawang,  Arunachal Pradesh, India",landslide,monsoon,medium,unknown,0.0,0.0,27.5748,91.8644,5km,IN,Arunachal Pradesh,GLC
7569,9251,1469746800000.0,2016-07-28 23:00:00,"Government Middle School (GMS) Kiphire station “B”, Kiphire, Nagaland, India","Government Middle School (GMS) Kiphire station “B”, Kiphire, Nagaland, India",landslide,downpour,medium,retaining_wall,0.0,0.0,25.8702,94.7844,1km,IN,Nagaland,GLC
2171,9232,1469746800000.0,2016-07-28 23:00:00,"Ngur, near Mizoram-Myanmar border, India","Ngur, near Mizoram-Myanmar border, India",landslide,continuous_rain,medium,unknown,2.0,6.0,23.5397,93.3783,1km,IN,Mizoram,GLC
700,9464,1470355200000.0,2016-08-05 00:00:00,Babrang village under Jang circle in Tawang district,Babrang village under Jang circle in Tawang district,landslide,downpour,medium,unknown,0.0,3.0,27.5754,91.9754,5km,IN,Arunachal Pradesh,GLC
4053,9869,1471305600000.0,2016-08-16 00:00:00,Landslide at Longding,"Longding, India",landslide,other,small,unknown,1.0,0.0,26.88161,95.399897,25km,IN,Arunachal Pradesh,GLC
6413,9853,1471305600000.0,2016-08-16 00:00:00,Landslide in Dzongu,"Dzongu, Sikkim, India",landslide,rain,large,natural_slope,0.0,0.0,27.593,88.492,exact,IN,Sikkim,GLC
9365,9904,1472083200000.0,2016-08-25 00:00:00,Mudslide near Kohima,"Near Kohima, Nagaland, India",mudslide,rain,small,natural_slope,,,25.660517,94.104931,25km,IN,Nagaland,GLC
993,9917,1472688000000.0,2016-09-01 00:00:00,Landslide in Silchar,"Silchar, Assam, India",landslide,flooding,large,natural_slope,4.0,0.0,24.768609,92.821182,50km,IN,Assam,GLC
7223,9966,1473033600000.0,2016-09-05 00:00:00,Landslide in Wokha-Merapani Road,"Wokha, India",landslide,rain,large,unknown,0.0,0.0,26.092493,94.257523,,IN,Nagaland,GLC
12259,9965,1473033600000.0,2016-09-05 00:00:00,Landslide in Nagaland,"Mokochung, Nagaland, India",landslide,rain,large,unknown,0.0,0.0,26.324724,94.514651,1km,IN,Nagaland,GLC
12322,10960,1474074000000.0,2016-09-17 01:00:00,Landslide in Mizoram,"Mizoram, India",landslide,unknown,unknown,unknown,5.0,0.0,23.725943,92.7178,5km,IN,Mizoram,GLC
3447,9604,1476230400000.0,2016-10-12 00:00:00,Legship,Legship,landslide,continuous_rain,medium,above_road,0.0,0.0,27.2676,88.2891,10km,IN,Sikkim,GLC
12937,9619,1476489600000.0,2016-10-15 00:00:00,Namchi,Namchi,landslide,rain,medium,above_road,0.0,0.0,27.1695,88.3664,5km,IN,Sikkim,GLC
7169,10972,1481760000000.0,2016-12-15 00:00:00,Landslide at Noonmati Nijarapar,"Noonmati Nijarapar, Assam, India",landslide,unknown,small,natural_slope,1.0,0.0,26.191688,91.810079,1km,IN,Assam,GLC
12185,10973,1481760000000.0,2016-12-15 00:00:00,Landslide at Pub Sarania Hill,"Pub Sarania Hill, Guwahati, Assam, India",landslide,unknown,small,urban,1.0,0.0,26.181606,91.772042,1km,IN,Assam,GLC
7256,10989,1487116800000.0,2017-02-15 00:00:00,Stone Quarry Landslide in Lamlyer,"Mawryngkneng, East Khasi Hills, Meghalaya",landslide,mining,small,mine,2.0,0.0,25.51826286,91.9630294,1km,IN,Meghalaya,GLC
2244,11150,1490832000000.0,2017-03-30 00:00:00,NH-37 Landslide in the Tamenglong District,"NH-37, between T. Laijang and K. Sinam villages, Tamenglong district, Manipur, 795008",landslide,downpour,small,above_road,0.0,0.0,24.79591421,93.72386429,10km,IN,Manipur,GLC
5413,10977,1491264000000.0,2017-04-04 00:00:00,Landslides along National Highway 54,,landslide,rain,small,above_road,0.0,0.0,25.481623,93.141692,50km,IN,Assam,GLC
9885,10978,1491264000000.0,2017-04-04 00:00:00,Landslide in N. Leikul,"N. Leikul, Assam, India",landslide,rain,small,above_road,0.0,0.0,25.132228,93.04681,1km,IN,Assam,GLC
12705,10976,1491264000000.0,2017-04-04 00:00:00,Landslide in Harangajao,"Harangajao, Assam, India",landslide,rain,small,above_road,0.0,0.0,25.118398,92.853913,1km,IN,Assam,GLC
12680,10979,1491264000000.0,2017-04-04 00:00:00,Landslide in Phaiding,"Phaiding, Assam, India",landslide,rain,small,above_road,0.0,0.0,25.195355,93.172758,1km,IN,Assam,GLC
9177,10980,1491264000000.0,2017-04-04 00:00:00,Landslide in Mahur,"Mahur, Assam, India",landslide,rain,small,natural_slope,0.0,0.0,25.181453,93.118105,1km,IN,Assam,GLC
2734,10974,1491350400000.0,2017-04-05 00:00:00,Fatal landslide in Bonda,"Bonda, Guwahati, Assam, India",landslide,continuous_rain,medium,urban,2.0,0.0,26.16066111,91.85294885,5km,IN,Assam,GLC
3540,11152,1491436800000.0,2017-04-06 00:00:00,Landslide in Sirakhong,"Sirakhong, Ukhrul Central, Ukhrul, Manipur State, India",landslide,unknown,medium,urban,0.0,0.0,25.08303063,94.23757741,exact,IN,Manipur,GLC
10009,11154,1491523200000.0,2017-04-07 00:00:00,Landslide blocks NH-29 between Pherima and Phiphema,"Medziphema, Dimapur, Nagaland",landslide,rain,small,above_road,0.0,0.0,25.77171292,93.93507183,5km,IN,Nagaland,GLC
5675,11174,1492819200000.0,2017-04-22 00:00:00,Fatal landslide near Palin,"Palin, Kurung Kumey, Arunachal Pradesh",landslide,continuous_rain,small,natural_slope,3.0,0.0,27.6802471,93.62592773,1km,IN,Arunachal Pradesh,GLC
13378,11173,1492902000000.0,2017-04-22 23:00:00,Landslide at IMC Ward Number 18,"IMC ward #18 (??), Lower Subansiri, Arunachal Pradesh",landslide,monsoon,small,natural_slope,0.0,0.0,27.61790706,93.84196894,10km,IN,Arunachal Pradesh,GLC
12507,10961,1493078400000.0,2017-04-25 00:00:00,Landslide blocks NH-54,"NH-54, North Thingdawl, Kolasib, Mizoram, 796075",landslide,continuous_rain,small,above_road,0.0,0.0,24.0135808,92.67420963,50km,IN,Mizoram,GLC
9283,11171,1493164800000.0,2017-04-26 00:00:00,Landslide on Senki View road,"Senki View, Itanagar, Papum Pare, Arunachal Pradesh, India",landslide,continuous_rain,small,above_road,0.0,0.0,27.104022,93.61156568,1km,IN,Arunachal Pradesh,GLC
11302,10975,1493492400000.0,2017-04-29 19:00:00,Fatal landslide in Makhim village,"Makhim (??), West Karbi Anglong, Assam",landslide,continuous_rain,medium,natural_slope,3.0,0.0,25.61919207,92.7094701,25km,IN,Assam,GLC
13477,11175,1493769600000.0,2017-05-03 00:00:00,Fatal landslide in Yangte,"Yangte, Kra Daadi District, Arunachal Pradesh, India",landslide,rain,medium,unknown,1.0,0.0,27.82743132,93.62407259,1km,IN,Arunachal Pradesh,GLC
12372,11156,1494900000000.0,2017-05-16 02:00:00,Landslide on NH-29 between Dimapur and Kohima,"NH-29, Sechu (Zubza), Kohima, Nagaland, 797002",landslide,continuous_rain,small,above_road,0.0,0.0,25.73318099,93.99655231,1km,IN,Nagaland,GLC
10116,9797,1495634400000.0,2017-05-24 14:00:00,Mudslide in on Sarli-Damin road,"Sarli-Damin road in Kurung Kumey district, near Lee village",mudslide,rain,small,above_road,1.0,0.0,27.769793,93.50995626,25km,IN,Arunachal Pradesh,GLC
14265,9785,1495756800000.0,2017-05-26 00:00:00,Rockslide in North Sikkim,"Toong-Sankalang road between Saffo and Ship-Gyer, North Sikkim",landslide,rain,medium,above_road,0.0,0.0,27.54295099,88.59676956,5km,IN,Sikkim,GLC
1970,9789,1495818000000.0,2017-05-26 17:00:00,Retaining wall collapse in Nongpoh,"St Paul's Secondary School, Nongpoh",landslide,rain,small,urban,0.0,3.0,25.907233,91.881892,exact,IN,Meghalaya,GLC
593,9770,1496275200000.0,2017-06-01 00:00:00,"Landslide in Mizoram, off of Aizawl","Hunthar Area, NH 54, off of Aizawl",landslide,tropical_cyclone,medium,above_road,0.0,0.0,23.73941422,92.71505961,5km,IN,Mizoram,GLC
563,9742,1496361600000.0,2017-06-02 00:00:00,Landslide in Kohima,"The road that connects civil secretariat and medical college site towards BSF camp at Nhachüko, Kohima",landslide,continuous_rain,medium,urban,0.0,0.0,25.67061161,94.11844319,1km,IN,Nagaland,GLC
2570,9733,1496520000000.0,2017-06-03 20:00:00,Landslide in Tripura,Vidyamohan Chowdhury Para (???) of remote Dhalai district,landslide,continuous_rain,medium,natural_slope,3.0,1.0,23.86469956,91.8949662,50km,IN,Tripura,GLC
11628,9745,1496527200000.0,2017-06-03 22:00:00,Landslide in Kamalpur,Kamalpur,landslide,rain,medium,urban,3.0,1.0,24.19467451,91.82931979,10km,IN,Tripura,GLC
4670,9750,1496534400000.0,2017-06-04 00:00:00,"Flood, Landslide in Assam",Dima Hasao district,landslide,continuous_rain,medium,natural_slope,,,25.15246863,92.94670614,50km,IN,Assam,GLC
12111,9743,1496534400000.0,2017-06-04 00:00:00,Landslide near Itangar,"Poma River, west of Itangar",landslide,unknown,medium,natural_slope,0.0,0.0,27.05909317,93.54235868,5km,IN,Arunachal Pradesh,GLC
3684,12716,1496620800000.0,2017-06-05 00:00:00,"Kalikhola, Kankpokpi Mudslide","SL Veng Road, Kangpokpi, Sadar Hills West, Senapati, Manipur, 795129",mudslide,flooding,medium,deforested_slope,0.0,0.0,25.14429782,93.97198129,5km,IN,Manipur,GLC
9298,10957,1496966400000.0,2017-06-09 00:00:00,Landslides throuhgout Lunglei District,"Tlabung, Lungsen, Lunglei, Mizoram",landslide,rain,medium,unknown,10.0,,22.90813548,92.47207294,100km,IN,Mizoram,GLC
8399,9712,1497110400000.0,2017-06-10 16:00:00,"Landslide in Aizawl, kills 2",,landslide,rain,small,unknown,2.0,,23.73354779,92.74744512,1km,IN,Mizoram,GLC
5524,10963,1497225600000.0,2017-06-12 00:00:00,Damaging landslide in Serchhip District,"Serchhip District, Mizoram, 796230",landslide,rain,medium,natural_slope,1.0,0.0,23.33501164,92.85410625,10km,IN,Mizoram,GLC
8100,9704,1497304800000.0,2017-06-12 22:00:00,Mudslide in Eastern Manipur,"Khaivarentang village (??) in Ukhrul, Manipur",mudslide,continuous_rain,medium,natural_slope,0.0,0.0,25.11956675,94.36416626,50km,IN,Manipur,GLC
2945,10985,1497657600000.0,2017-06-17 00:00:00,Fatal landslide in Mawjrong,"Khatarshnong Laitkroh, East Khasi Hills, Meghalaya",landslide,continuous_rain,medium,natural_slope,1.0,2.0,25.43807422,91.79904872,1km,IN,Meghalaya,GLC
4154,10962,1497657600000.0,2017-06-17 00:00:00,Landslide damages Aizawl-Champhai Road,"Aizawl-Champhai road, Champhai, Mizoram State, India",landslide,continuous_rain,small,above_road,0.0,0.0,23.65637182,93.02746602,5km,IN,Mizoram,GLC
3,10987,1497657600000.0,2017-06-17 00:00:00,Fatal landslide in Umiam,"Umiam, Ribhoi, Meghalaya",landslide,continuous_rain,medium,unknown,3.0,0.0,25.67836832,91.9234343,5km,IN,Meghalaya,GLC
13150,11178,1497816000000.0,2017-06-18 20:00:00,Landslide traps commuters,"Bhalukpong, Assam",landslide,monsoon,medium,above_road,0.0,0.0,26.96437841,92.78260587,10km,IN,Assam,GLC
3314,9829,1497844800000.0,2017-06-19 04:00:00,Landslide in Chimpu,,landslide,unknown,small,urban,1.0,,27.06992579,93.6146564,1km,IN,Arunachal Pradesh,GLC
5356,11176,1497949200000.0,2017-06-20 09:00:00,Fatal landslide in Gussar circle,"Gussar, Upper Subansiri, Arunachal Pradesh",landslide,rain,medium,unknown,1.0,0.0,28.10756941,94.18315697,5km,IN,Arunachal Pradesh,GLC
9461,9834,1498028400000.0,2017-06-21 07:00:00,Landslide in Itanagar,"Poma, 6km away from Itanagar",landslide,rain,small,natural_slope,0.0,0.0,27.05880384,93.54136779,1km,IN,Arunachal Pradesh,GLC
7510,11161,1498262400000.0,2017-06-24 00:00:00,Landslide on road isolates villages,"Alongkima, Mokokchung, Nagaland",landslide,rain,small,above_road,0.0,0.0,26.66354481,94.62220277,5km,IN,Nagaland,GLC
8251,10024,1498348800000.0,2017-06-25 00:00:00,"Landslide on road near Ghokuto village, Nagaland","Ghokuto, Nagaland",mudslide,continuous_rain,medium,above_road,0.0,0.0,25.83762589,93.94633448,5km,IN,Nagaland,GLC
12720,9875,1498435200000.0,2017-06-26 00:00:00,Landslide destroys section of National Highway 2,"NH 2, Manipur State, India",landslide,downpour,large,above_road,0.0,0.0,24.32420539,93.15020652,5km,IN,Manipur,GLC
1955,9877,1498435200000.0,2017-06-26 00:00:00,Landslide blocks NH-2 between Pherzawl and Bukpi,"NH-2, Pherzawl District, Manipur State, India",landslide,downpour,medium,above_road,0.0,0.0,24.21988831,93.20266204,10km,IN,Manipur,GLC
3264,9876,1498521600000.0,2017-06-27 00:00:00,Landslide cuts off NH 2,"NH 2, Manipur State, India",landslide,downpour,medium,above_road,0.0,0.0,24.30415689,93.18182448,5km,IN,Manipur,GLC
13984,9989,1498608000000.0,2017-06-28 00:00:00,Landslide damages road,"Aizawl, Mizoram State, India",landslide,other,large,above_road,0.0,0.0,23.69461107,92.87641207,10km,IN,Mizoram,GLC
7125,9931,1498780800000.0,2017-06-30 00:00:00,NH-2 blocked by landslide along Imphal-Dimapur section,Torrential downpour causes road-blocking lansdlide along NH-2 near Bimparao village,landslide,downpour,small,above_road,0.0,0.0,25.06657276,93.9310888,1km,IN,Manipur,GLC
10147,9933,1498820400000.0,2017-06-30 11:00:00,Landslide threatens orphanage with collapse,"Jollang, Itanagar Sub-District, Papum Pare, Arunachal Pradesh, 791123",landslide,downpour,medium,natural_slope,0.0,0.0,27.04768643,93.61899644,1km,IN,Arunachal Pradesh,GLC
11681,9948,1498867200000.0,2017-07-01 00:00:00,Landslide causes Ukhrul-Imphal road to sink,"NH-150, Ukhrul Central, Ukhrul, Manipur, 795142",landslide,rain,small,below_road,0.0,0.0,24.95178179,94.20340026,1km,IN,Manipur,GLC
2874,9934,1498867200000.0,2017-07-01 00:00:00,Landslide blocks road,"Bhalukpong, West Kameng, Arunachal Pradesh",landslide,continuous_rain,small,above_road,0.0,0.0,27.01145644,92.64204045,1km,IN,Arunachal Pradesh,GLC
6165,9932,1498885200000.0,2017-07-01 05:00:00,Landslide near Dree Festival Ground,"Dree Festival Ground, NH-415, Arunachal Pradesh, India",landslide,downpour,medium,below_road,0.0,0.0,27.10647226,93.65975252,exact,IN,Arunachal Pradesh,GLC
6697,9935,1498892400000.0,2017-07-01 07:00:00,House in Itanagar washed away by landslide,"Sanglo Potum (??), Itanagar, Papum Pare, Arunachal Pradesh",landslide,continuous_rain,medium,natural_slope,0.0,0.0,27.08168565,93.60815652,5km,IN,Arunachal Pradesh,GLC
10885,9983,1498946400000.0,2017-07-01 22:00:00,Landslides blocks Wokha-Merapani Road,"Wokha Sadar Sub-District, Wokha, Nagaland",landslide,continuous_rain,small,above_road,0.0,0.0,26.11613908,94.24222574,5km,IN,Nagaland,GLC
2306,9984,1498946400000.0,2017-07-01 22:00:00,Landslide along Wokha-Merapani road,"Wokha Sadar Sub-District, Wokha, Nagaland",landslide,downpour,small,above_road,0.0,0.0,26.1445447,94.24416766,5km,IN,Nagaland,GLC
8557,9982,1498946400000.0,2017-07-01 22:00:00,Landslide blocks roads,"Chuchuyimpang, Mokokchung, Nagaland",landslide,downpour,medium,above_road,0.0,0.0,26.3312531,94.55427723,1km,IN,Nagaland,GLC
3331,9972,1499040000000.0,2017-07-03 00:00:00,Fatal landslide in Chandrapur,"Chandrapur, Kamrup Metropolitan, Assam",landslide,continuous_rain,medium,unknown,1.0,0.0,26.22247247,91.92053028,10km,IN,Assam,GLC
7788,9951,1499040000000.0,2017-07-03 00:00:00,Landslide hits Jorabat,"Jorabat, Assam State, India",landslide,downpour,small,unknown,0.0,0.0,26.1061808,91.85158907,5km,IN,Assam,GLC
12273,9949,1499040000000.0,2017-07-03 00:00:00,Landslide opposite Jorabat Police Outpost,"G S Road, Sonapur, Kamrup Metropolitan, Assam, 781141",landslide,downpour,small,above_road,0.0,0.0,26.10035658,91.87351723,1km,IN,Assam,GLC
10979,9952,1499040000000.0,2017-07-03 00:00:00,Landslide hits Jorabat,"Sonapur, Kamrup Metropolitan, Assam",landslide,downpour,small,unknown,0.0,0.0,26.10430759,91.86227824,5km,IN,Assam,GLC
14576,9940,1499065200000.0,2017-07-03 07:00:00,Landslide in Panikhaiti kills girl,"Panikhaiti, Kamrup Metropolitan, Assam State, India",landslide,continuous_rain,medium,natural_slope,1.0,0.0,26.20450454,91.87202793,1km,IN,Assam,GLC
10641,9974,1499126400000.0,2017-07-04 00:00:00,Landslide blocks road,"AH1, Mao-Maram, Senapati, Manipur, 795150",landslide,continuous_rain,small,above_road,0.0,0.0,25.4976444,94.12901274,1km,IN,Manipur,GLC
11034,9998,1499205600000.0,2017-07-04 22:00:00,Landslide in Daporijo,"Abotani Colony, Daporijo Township, Arunachal Pradesh, India",landslide,rain,medium,above_road,0.0,0.0,27.98531715,94.21263589,1km,IN,Arunachal Pradesh,GLC
6567,9993,1499205600000.0,2017-07-04 22:00:00,Landslide along Daporijo-Dumporijo road,"Daporijo-Dumporijo road, Arunachal Pradesh, India",landslide,rain,small,above_road,0.0,0.0,27.97875751,94.26296826,10km,IN,Arunachal Pradesh,GLC
5893,10005,1499299200000.0,2017-07-06 00:00:00,Landslide crushes house,"Beltola, Assam State-Meghalaya State border, India",landslide,continuous_rain,medium,unknown,0.0,0.0,26.10973183,91.80317334,10km,IN,Assam,GLC
10661,10986,1499367600000.0,2017-07-06 19:00:00,Landslide on NH-6,"Umsning, Ribhoi, Meghalaya State, India",landslide,downpour,medium,above_road,0.0,0.0,25.82860033,91.876717,1km,IN,Meghalaya,GLC
13166,11155,1499472000000.0,2017-07-08 00:00:00,Landslides at Kiruphema village,"Kiruphema village, Kohima, Nagaland",landslide,continuous_rain,medium,natural_slope,0.0,0.0,25.72019272,94.03225673,5km,IN,Nagaland,GLC
2994,11151,1499472000000.0,2017-07-08 00:00:00,Landslides along Lamlang River,"Ukhrul Central, Ukhrul, Manipur",landslide,continuous_rain,medium,above_river,0.0,0.0,25.06466676,94.27420555,100km,IN,Manipur,GLC
4342,10968,1499558400000.0,2017-07-09 00:00:00,Landslide blocks road near Thanlon,"Thanlon, Churachandpur, Manipur",landslide,continuous_rain,small,above_road,0.0,0.0,24.27173018,93.28039349,1km,IN,Manipur,GLC
5904,11169,1499558400000.0,2017-07-09 00:00:00,Landslide on Itanagar- Jote-Tapiasso road,"Itanagar- Jote-Tapiasso road, Papum Pare, Arunachal Pradesh",landslide,continuous_rain,medium,above_road,0.0,0.0,27.05957271,93.50102778,10km,IN,Arunachal Pradesh,GLC
5393,11164,1499558400000.0,2017-07-09 00:00:00,Landslides on Itanagar-Naharlagun road,"NH-52A, Naharlagun Sub-District, Papum Pare, Arunachal Pradesh, 791111",landslide,continuous_rain,small,above_road,0.0,0.0,27.1071241,93.65156438,5km,IN,Arunachal Pradesh,GLC
2721,11165,1499558400000.0,2017-07-09 00:00:00,"Landslide near Civil Secretariat, Itanagar","Civil Secretariat, Itanagar, Arunachal Pradesh, India",landslide,continuous_rain,small,above_road,0.0,0.0,27.092916,93.61882043,exact,IN,Arunachal Pradesh,GLC
243,11159,1499558400000.0,2017-07-09 00:00:00,Landslide on NH-2 between Sinam and Laijang,"Jakhama, Kohima, Nagaland",landslide,continuous_rain,small,above_road,0.0,0.0,25.6320357,94.10065403,10km,IN,Nagaland,GLC
1245,11170,1499558400000.0,2017-07-09 00:00:00,Mudslides in Borum and Nyorch,"Naharlagun Sub-District, Papum Pare, Arunachal Pradesh",mudslide,continuous_rain,medium,natural_slope,0.0,0.0,27.14163897,93.66495709,5km,IN,Arunachal Pradesh,GLC
14587,11166,1499558400000.0,2017-07-09 00:00:00,Landslides in Aalo,"Aalo, Itanagar, Papum Pare, Arunachal Pradesh",landslide,continuous_rain,small,urban,0.0,0.0,27.07671517,93.59755441,5km,IN,Arunachal Pradesh,GLC
11070,11162,1499558400000.0,2017-07-09 00:00:00,Landslide blocks NH-37,"Burapahar, Nagaon, Assam",landslide,continuous_rain,small,above_road,0.0,0.0,26.56636244,93.13195098,5km,IN,Assam,GLC
6196,11167,1499558400000.0,2017-07-09 00:00:00,Landslide on road near Durga Mandir,"Naharlagun Sub-District, Papum Pare, Arunachal Pradesh",landslide,continuous_rain,small,above_road,0.0,0.0,27.11610665,93.79559574,10km,IN,Arunachal Pradesh,GLC
9089,11157,1499565600000.0,2017-07-09 02:00:00,Significant landslide blocks NH-29 near Peducha,"Peducha, Kohima, Nagaland State, India",landslide,continuous_rain,medium,above_road,0.0,0.0,25.73111942,93.98827528,1km,IN,Nagaland,GLC
5266,10988,1499576400000.0,2017-07-09 05:00:00,Landslide on NH-6,"Pahamrynnai, Ribhoi, Meghalaya",landslide,continuous_rain,small,above_road,0.0,0.0,25.82601444,91.87113067,1km,IN,Meghalaya,GLC
10117,11149,1499590800000.0,2017-07-09 09:00:00,Landslide on NH-37,"NH-37, Manipur State, India",landslide,continuous_rain,medium,below_road,0.0,0.0,24.82767572,93.51825,10km,IN,Manipur,GLC
11177,11153,1499590800000.0,2017-07-09 09:00:00,Landslide in Langol Laimanai,"Langol Laimanai, Imphal West, Manipur",landslide,continuous_rain,small,natural_slope,0.0,0.0,24.83507319,93.89896294,5km,IN,Manipur,GLC
12712,11172,1499590800000.0,2017-07-09 09:00:00,Landslide at Niti Vihar,"Niti Vihar, Itanagar, Arunachal Pradesh, India",landslide,continuous_rain,medium,natural_slope,0.0,0.0,27.0844941,93.60505989,5km,IN,Arunachal Pradesh,GLC
7821,10004,1499644800000.0,2017-07-10 00:00:00,Landslide damages house,"Dispur, Kamrup Metropolitan, Assam",landslide,continuous_rain,small,urban,0.0,0.0,26.14547804,91.79364785,1km,IN,Assam,GLC
718,11183,1499644800000.0,2017-07-10 00:00:00,"Cars crushed by deadly landslide on Chongey road, Sikkim",East Sikkim,rock_fall,unknown,medium,unknown,0.0,0.0,27.360364,88.651914,100km,IN,Sikkim,GLC
7878,11160,1499644800000.0,2017-07-10 00:00:00,Landslide in Tuensang Village,"Tuensang, Nagaland",landslide,unknown,medium,natural_slope,0.0,0.0,26.2632687,94.81481951,5km,IN,Nagaland,GLC
6926,10007,1499644800000.0,2017-07-10 00:00:00,Landslide in Chandmari,"Chandmari, Guwahati, Kamrup Metropolitan, Assam, 781003",landslide,continuous_rain,small,urban,0.0,0.0,26.19037705,91.77306002,1km,IN,Assam,GLC
1741,11163,1499644800000.0,2017-07-10 00:00:00,Fatal landslide in Narayanpur,"Narayanpur, Lakhimpur, Assam, 784164",landslide,continuous_rain,medium,unknown,2.0,0.0,26.95147008,93.86686394,25km,IN,Assam,GLC
5894,10967,1499673600000.0,2017-07-10 08:00:00,Landslide near Molnom blocks road,"NH-150, Churachandpur, Manipur, 795133",landslide,rain,small,above_road,0.0,0.0,24.37169581,93.70684171,25km,IN,Manipur,GLC
7317,11177,1499731200000.0,2017-07-11 00:00:00,Landslide in Tawang,"Tawang, Arunchal Pradesh",landslide,rain,large,unknown,19.0,0.0,27.583849,91.876945,5km,IN,Arunachal Pradesh,GLC
8864,11168,1499788800000.0,2017-07-11 16:00:00,Large landslide at Laptap village,"Laptap, Papum Pare, Arunachal Pradesh, India",landslide,continuous_rain,large,natural_slope,14.0,0.0,27.20938411,93.61539279,exact,IN,Arunachal Pradesh,GLC
5720,11158,1499839200000.0,2017-07-12 06:00:00,"Landslide destroys houses in Kohiama, near High School area","Kohima, Nagaland, India",landslide,rain,medium,natural_slope,0.0,0.0,25.69111465,94.09483333,1km,IN,Nagaland,GLC
9030,9731,1503705600000.0,2017-08-26 00:00:00,Aizwal Landslides Destroy Buildings in Lengpui Village,"Lengpui Village, Aizawl, Mizoram, India",landslide,downpour,medium,deforested_slope,,,23.83291945,92.63125938,5km,IN,Mizoram,GLC
9215,12715,1503705600000.0,2017-08-26 00:00:00,Senapati District Mudslide,"Senapati, Mao-Maram, Senapati, Manipur",mudslide,flooding,medium,urban,,,25.26049558,94.01914123,5km,IN,Manipur,GLC
7250,12718,1503878400000.0,2017-08-28 00:00:00,Ahthibung-Khelma Landslide,"Athibung, Peren, Nagaland",landslide,rain,small,above_road,,,25.55544,93.63981,5km,IN,Nagaland,GLC
4400,9701,1505952000000.0,2017-09-21 00:00:00,Landslide near Khongjaron on Tamenglong-Khongsang Road,"near the Khongjaron Khunthak village, Tamei Road, Manipur, India",landslide,continuous_rain,medium,above_road,,,24.938948,93.496837,10km,IN,Manipur,GLC
12374,12712,1506693600000.0,2017-09-29 14:00:00,Imphal-Saikul Road Landslide,"6-7 km away from Saikul, near Champhai, Imphal-Saikul Rd, Manipur, India",landslide,downpour,small,below_road,,,24.981195,94.018619,10km,IN,Manipur,GLC
434,12714,1506729600000.0,2017-09-30 00:00:00,"Landslide Damages House in P.R. Hill, Kohima","P.R. Hill, Kohima, Nagaland 797005, India.",landslide,downpour,medium,retaining_wall,0.0,,25.658708,94.098536,1km,IN,Nagaland,GLC
7331,13263,1506767400000.0,2017-09-30 10:30:00,Dirang-Bomdila Rockslide,"5 mile area, between Bomdila and Dirang road, Chariduar - Tawang Road, India.",rock_fall,unknown,large,above_road,,,27.303999,92.407813,10km,IN,Arunachal Pradesh,GLC
3139,12713,1508630400000.0,2017-10-22 00:00:00,Khuzama Mudslide,"about 1 km from the AH2 national highway which runs through the center of Khuzama, Mewoboke Colony, Khuzama, Nagaland 797005, India",mudslide,continuous_rain,medium,natural_slope,,,25.533595,94.133345,1km,IN,Manipur,GLC
478,12719,1524913200000.0,2018-04-28 11:00:00,Malidor Landslide Obstructs Road,"Road, Malidor, East Jaintia Hills, Meghalaya, India",landslide,rain,medium,above_road,0.0,0.0,25.03190213,92.42257695,1km,IN,Meghalaya,GLC
7082,11332,1525950000000.0,2018-05-10 11:00:00,Noney landslide along Imphal-Jiribam National Highway-37,"NH-37, Tamenglong, Manipur, 795147",translational_slide,continuous_rain,medium,below_road,0.0,0.0,24.86388954,93.62191829,5km,IN,Manipur,GLC
6585,11405,1526083200000.0,2018-05-12 00:00:00,Chessore Area Landslide,"Chessore, Tuensang, Nagaland",landslide,continuous_rain,medium,above_road,,,26.07821691,94.72071068,1km,IN,Nagaland,GLC
3100,11403,1526108400000.0,2018-05-12 07:00:00,Mizoram Landslide near Zemabawk,"near Zemabawk, Aizawl, Mizoram, 796017",landslide,continuous_rain,medium,mine,4.0,0.0,23.73672831,92.7516868,1km,IN,Mizoram,GLC
516,11357,1526601600000.0,2018-05-18 00:00:00,Kambhukcherra and Belfungpara village landslides,"Kambhukcherra and Belfunpara villages, West Tripura, Tripura",landslide,continuous_rain,unknown,unknown,4.0,0.0,24.02515388,91.49747518,5km,IN,Tripura,GLC
7932,11501,1526774400000.0,2018-05-20 00:00:00,Champabari Landslide Collapses House,"Champabari, Jirania, Tripura, India",landslide,downpour,medium,unknown,1.0,1.0,23.79260297,91.53090192,5km,IN,Tripura,GLC
9625,11502,1526774400000.0,2018-05-20 00:00:00,Dhanlekha Kaipengpara Landslide Collapses House,"Dhanlekha Kaipeng, Gomati district, Tripura, India",landslide,downpour,medium,unknown,1.0,2.0,23.71701896,91.61577214,1km,IN,Tripura,GLC
4639,11443,1527292800000.0,2018-05-26 00:00:00,Pakyong Subdivision Landslides cause 45 Road Blockages,"Road from Pakyong to Dikling and Rorathang, Pakyong, Sikkim, India",mudslide,downpour,medium,below_road,0.0,0.0,27.23279809,88.59292517,1km,IN,Sikkim,GLC
4916,11459,1527987600000.0,2018-06-03 01:00:00,Namlalong Tamenglong Ward No.2 Landslide Destroys House,"Namlalong Ward No. 2, Tamenglong, Manipur",landslide,rain,medium,deforested_slope,0.0,2.0,24.98793655,93.49870413,1km,IN,Manipur,GLC
7477,11530,1528221600000.0,2018-06-05 18:00:00,Lunglawn Semi-pucca Building Mudslide,"Lunglawn, Lunglei town, Mizoram, India",mudslide,continuous_rain,medium,unknown,10.0,0.0,22.87370331,92.7581259,1km,IN,Mizoram,GLC
14260,13841,1532923200000.0,2018-07-30 04:00:00,Tuensang District Landslides,"Sotokur, Tuensang, Nagaland",landslide,continuous_rain,medium,above_road,,,26.13179516,94.78584429,50km,IN,Nagaland,GLC
1488,13814,1533009600000.0,2018-07-31 04:00:00,Widespread landslide damage in Nagaland,the retaining wall near wall near Soul Harvest Church,mudslide,continuous_rain,medium,retaining_wall,,,25.67295037,94.10513917,1km,IN,Nagaland,GLC
4063,14544,1536883200000.0,2018-09-14 00:00:00,Lachen Lanslide September 2018,"Lachen, North District, Sikkim",landslide,continuous_rain,unknown,unknown,,,27.71646253,88.55668313,5km,IN,Sikkim,GLC
8364,14574,1536883200000.0,2018-09-14 00:00:00,Mangan Landslide,"Mangan, North District, Sikkim, IND",landslide,continuous_rain,unknown,unknown,,,27.49532869,88.5364844,5km,IN,Sikkim,GLC
11458,14501,1536883200000.0,2018-09-14 00:00:00,Mangshilla Landslide,"Mangshilla, North District, Sikkim, IND",landslide,continuous_rain,unknown,unknown,,,27.45377772,88.52426486,5km,IN,Sikkim,GLC
4721,14520,1536939925000.0,2018-09-14 15:45:25,Itanagar - Naharlaugn Landslides,"Itanagar-Naharlaugn, Arunachal Pradesh, 791111",landslide,continuous_rain,medium,unknown,5.0,,27.10350855,93.64513257,5km,IN,Arunachal Pradesh,GLC
14507,14641,1536978729000.0,2018-09-15 02:32:09,Gangtok Landslide September 2018,"Gangtok, East District, Sikkim, 737101",landslide,continuous_rain,unknown,above_road,,,27.3313961,88.6138098,5km,IN,Sikkim,GLC
824,14511,1536978729000.0,2018-09-15 02:32:09,Mantam Lake Landslide,"Mantam Lake, Dzongu, North District",landslide,continuous_rain,unknown,above_road,,,27.54043014,88.49888236,5km,IN,Sikkim,GLC
10839,14630,1537158134000.0,2018-09-17 04:22:14,North Sikkim Landslides,National Highway between Mangan and Chungthang.,landslide,rain,medium,above_road,,,27.54255403,88.62957834,10km,IN,Sikkim,GLC
10910,14283,1540820038000.0,2018-10-29 13:33:58,Landslide in Nagaland cuts off Impl-Dmpur road,"Imphal-Dimapur road near Kukidolong village, Nagaland",landslide,mining,medium,above_road,0.0,0.0,25.7685,93.82005556,1km,IN,Nagaland,GLC
8171,14297,1541005421000.0,2018-10-31 17:03:41,Massive landslide cuts Kohima-Dimapur road,"1 km away from Chumukedima police check gate on Kohima-Dimapur road, Dimapur, Nagaland, 797113",landslide,unknown,medium,above_road,0.0,0.0,25.80836408,93.79016194,exact,IN,Nagaland,GLC
4499,14086,1545149433000.0,2018-12-18 16:10:33,Rock fall on Railroad tracks between Phiding and Mahur Stations,Railway between Phiding and Mahur station in Badarpur.,rock_fall,rain,small,above_road,0.0,0.0,25.19640994,93.13430585,5km,IN,Assam,GLC
11667,13725,1562675844000.0,2019-07-09 12:37:24,Landslip in Mawlynngad,"Mawlynngad, Mawryngkneng, East Khasi Hills, Meghalaya",landslide,continuous_rain,unknown,unknown,0.0,0.0,25.53663703,91.98082795,10km,IN,Meghalaya,GLC
8408,13724,1562675844000.0,2019-07-09 12:37:24,Landslip in Mawiong,"Mawiong, Mawryngkneng, East Khasi Hills, Meghalaya",landslide,continuous_rain,unknown,unknown,,,25.58822736,92.02269564,5km,IN,Meghalaya,GLC
7216,13723,1562675844000.0,2019-07-09 12:37:24,Landslip near Basic School,"near Basic School, Nongshiliang, Malki",landslide,continuous_rain,unknown,urban,,,25.56728469,91.90642696,5km,IN,Meghalaya,GLC
6307,20598,1623521539000.0,2021-06-12 18:12:19,Massive landslide in Mizoram,"Thuampui, Aizawl, Mizoram",landslide,rain,small,other,2.0,5.0,23.74253,92.73868,1km,IN,Mizoram,LRC
1745,11604,,,Landslide in Myanmar,,landslide,unknown,unknown,deforested_slope,,,23.40991836,93.36421745,exact,IN,Mizoram,SMMML
3184,11956,,,Landslide in Myanmar,,landslide,unknown,unknown,below_road,,,22.148327,92.80921064,exact,IN,Mizoram,SMMML
